id,nome,categoria,tipo,distrito,endereco,status_site,url_site,nota_google,reviews_google,volume_reviews,produto_onira,grau_fit,racional_fit,pitch_comercial,whatsapp,google_maps_url,instagram_handle,instagram_cadencia,guia_url
1,"Café Colonial, Giardino e Empório - Famiglia Pezzi",Gastronomia Rural,Rural / Interior,Vila Cristina,"Estrada Municipal do Imigrante, 15247, Nova Palmira, Vila Cristina - Caxias do S",🔴 Sem Site (100% Guia),,4.8,501,🔥 Alto (>300),Onira.fly (Canal Próprio & Cardápio Digital),🔴 Fit Crítico,"Gastronomia dependente de fluxo de fim de semana ou delivery; alto impacto com cardápio visual ultra-rápido, rota Maps e pedido direto no WhatsApp.","Implantar canal próprio com cardápio interativo e checkout Pix, tornando o negócio 100% indexável na busca do Google e IA.",+5551998093885,"https://www.google.com.br/maps/dir//Famiglia+Pezzi+-+Estrada+Municipal+do+Imigrante,+15247,+Nova+Palmira,+Caxias+do+Sul+Pr%C3%B3ximo+ao+antigo+ped%C3%A1gio+de+Vila+Cristina+Zona+rural+de+Caxias+do+Sul,+Caxias+do+Sul+-+RS,+95124-010/@-29.3126701,-51.1796227,230m/data=!3m1!1e3!4m9!4m8!1m0!1m5!1m1!1s0x951ea5ff4390c8ad:0xfab3806aee90e9ae!2m2!1d-51.1797641!2d-29.3127037!3e0",@cafcolonialgiardinoe,💤 Baixa / Esporádica (Apenas institucional),https://www.guiadecaxiasdosul.com/empresa/onde-comer/cafe-colonial-giardino-e-emporio-famiglia-pezzi-2717
2,Casa Fagundes,Gastronomia Rural,Rural / Interior,Distritos / Interior,Não informado,🟢 Site Ativo (200),https://www.casafagundes.com.br/,4.8,160,⚡ Médio (50-300),Onira.fly (Canal Próprio & Cardápio Digital),🟡 Fit Alto,"Gastronomia dependente de fluxo de fim de semana ou delivery; alto impacto com cardápio visual ultra-rápido, rota Maps e pedido direto no WhatsApp.","Implantar canal próprio com cardápio interativo e checkout Pix, tornando o negócio 100% indexável na busca do Google e IA.",+555432871850,"https://www.google.com.br/maps/dir//Casa+Fagundes+-+172+BR-116+Vila+Cristina,+RS,+95124-010/@-29.312277,-51.1671142,253m/data=!3m1!1e3!4m8!4m7!1m0!1m5!1m1!1s0x951eb0395928b20d:0x7ca8bfab370735af!2m2!1d-51.1670224!2d-29.3120583",@casafagundes,⚡ Média (Stories periódicos / Link bio),https://www.guiadecaxiasdosul.com/empresa/onde-comer/casa-fagundes-2793
3,Pavos Brassaria - cerveja artesanal e garden,Gastronomia Rural,Rural / Interior,São Virgílio,"Estrada Municipal da Uva, 540, em frente a Igreja da Localidade de São Virgílio ",🔴 Sem Site (100% Guia),,4.5,412,🔥 Alto (>300),Onira.fly (Canal Próprio & Cardápio Digital),🔴 Fit Crítico,"Gastronomia dependente de fluxo de fim de semana ou delivery; alto impacto com cardápio visual ultra-rápido, rota Maps e pedido direto no WhatsApp.","Implantar canal próprio com cardápio interativo e checkout Pix, tornando o negócio 100% indexável na busca do Google e IA.",+5554999853005,"https://www.google.com/maps/dir//Pavos+Brassaria+-+Estr.+da+Uva,+540+-+Forqueta,+Caxias+do+Sul+-+RS,+95115-990/@-29.2625696,-51.2420032,527m/data=!3m1!1e3!4m8!4m7!1m0!1m5!1m1!1s0x951eb09569db011d:0xf7e12713b2e0f045!2m2!1d-51.2414997!2d-29.2616766",@pavosbrassariacervej,💤 Baixa / Esporádica (Apenas institucional),https://www.guiadecaxiasdosul.com/empresa/onde-comer/pavos-brassaria-cerveja-artesanal-e-garden-1406
4,Cantina Tonet Vinícola,"Gastronomia Rural | Vinhos, Sucos e Espumantes",Rural / Interior,Linha 40,"Estrada Municipal Vereador Vicente Menezes, s/nº - Linha 40 *Caxias do Sul - RS",⚠️ Site Fora do Ar (404/SSL),https://www.cantinatonet.com.br/index.php?route=product/allproduct&sort=pd.name&order=DESC,4.6,1966,🔥 Alto (>300),Onira Vouchers (Degustação & Split Pix),🔴 Fit Crítico,Enoturismo rural dependente de reservas antecipadas; alto valor agregado por pessoa (R$ 80 a R$ 180) com split automático de 10% no Guia.,"Vender vouchers de degustação harmonizada antecipada pelo Guia e canal próprio, eliminando no-show.",+5554981010026,"https://www.google.com/maps/dir//-29.120052,-51.204712/@-29.1200473,-51.2069007,17z",@cantinatonetvincola,⚡ Média (Stories periódicos / Link bio),https://www.guiadecaxiasdosul.com/empresa/vinhos-sucos-e-espumantes/cantina-tonet-vinicola-449
5,Villa Dei Troni,Gastronomia Rural,Rural / Interior,Ana Rech,"R. José Fabro, 1661 - Ana Rech, Caxias do Sul - RS,",🟢 Site Ativo (200),https://www.villadeitroni.com/,4.8,79,⚡ Médio (50-300),Onira.fly (Canal Próprio & Cardápio Digital),🟡 Fit Alto,"Gastronomia dependente de fluxo de fim de semana ou delivery; alto impacto com cardápio visual ultra-rápido, rota Maps e pedido direto no WhatsApp.","Implantar canal próprio com cardápio interativo e checkout Pix, tornando o negócio 100% indexável na busca do Google e IA.",+555554994442780,"https://www.google.com/maps/dir//Villa+Dei+Troni+Ltda+-+R.+Jose+Fabro,+1661+-+Ana+Rech,+Caxias+do+Sul+-+RS,+95062-200/@-29.1039376,-51.0973768,659m/data=!3m1!1e3!4m16!1m7!3m6!1s0x951ebfd54c314f1d:0x8b36c87c69665949!2sVilla+Dei+Troni+Ltda!8m2!3d-29.1039376!4d-51.0948019!16s%2Fg%2F11kqgncgwz!4m7!1m0!1m5!1m1!1s0x951ebfd54c314f1d:0x8b36c87c69665949!2m2!1d-51.0948019!2d-29.1039376?entry=ttu&g_ep=EgoyMDI2MDgzMS4wIKXMDSoASAFQAw%3D%3D",@villadeitroni,🔥 Alta (Feed semanal + Stories diários),https://www.guiadecaxiasdosul.com/empresa/onde-comer/villa-dei-troni-3375
6,Agroindústria Dolci Ricorddi,Gastronomia Rural,Rural / Interior,Distritos / Interior,"  Endereço - Estrada Padre Ari Camelo, Linha São Paulo - Distrito de Santa Lúcia",🔴 Sem Site (100% Guia),,4.7,51,⚡ Médio (50-300),Onira.fly (Canal Próprio & Cardápio Digital),🔴 Fit Crítico,"Gastronomia dependente de fluxo de fim de semana ou delivery; alto impacto com cardápio visual ultra-rápido, rota Maps e pedido direto no WhatsApp.","Implantar canal próprio com cardápio interativo e checkout Pix, tornando o negócio 100% indexável na busca do Google e IA.",+5554997085364,https://maps.app.goo.gl/fi8fggQFNoDw2k539,@agroindstriadolciric,⚡ Média (Stories periódicos / Link bio),https://www.guiadecaxiasdosul.com/empresa/onde-comer/agroindustria-dolci-ricorddi-2869
7,Baleia's Pizzaria,Gastronomia Rural,Rural / Interior,Ana Rech,"Av. Rio Branco, 1687, Ana Rech",🔴 Sem Site (100% Guia),,4.4,146,⚡ Médio (50-300),Onira.fly (Canal Próprio & Cardápio Digital),🔴 Fit Crítico,"Gastronomia dependente de fluxo de fim de semana ou delivery; alto impacto com cardápio visual ultra-rápido, rota Maps e pedido direto no WhatsApp.","Implantar canal próprio com cardápio interativo e checkout Pix, tornando o negócio 100% indexável na busca do Google e IA.",+5554981654470,https://www.google.com.br/maps/dir//Baleia,@baleiaspizzaria,💤 Baixa / Esporádica (Apenas institucional),https://www.guiadecaxiasdosul.com/empresa/onde-comer/baleias-pizzaria-3139
8,Banca Marchi Produtos Coloniais,Gastronomia Rural,Rural / Interior,Galópolis," BR-116, Galópolis",🔴 Sem Site (100% Guia),,4.5,343,🔥 Alto (>300),Onira.fly (Canal Próprio & Cardápio Digital),🔴 Fit Crítico,"Gastronomia dependente de fluxo de fim de semana ou delivery; alto impacto com cardápio visual ultra-rápido, rota Maps e pedido direto no WhatsApp.","Implantar canal próprio com cardápio interativo e checkout Pix, tornando o negócio 100% indexável na busca do Google e IA.",+5554984465001,"https://www.google.com/maps/dir//Banca+Marchi+Produtos+Coloniais+-+BR-116,+668-782+-+Caxias+do+Sul,+RS/@-29.2457845,-51.1562021,185m/data=!3m1!1e3!4m9!4m8!1m0!1m5!1m1!1s0x951ebae998215275:0x6be2e8a60b656f77!2m2!1d-51.1563986!2d-29.2454683!3e0",@bancamarchiprodutosc,⚡ Média (Stories periódicos / Link bio),https://www.guiadecaxiasdosul.com/empresa/onde-comer/banca-marchi-produtos-coloniais-3037
9,Barcarolo Café e Garden,Gastronomia Rural,Rural / Interior,Vila Cristina,"RS 452, Km 25, Nova Palmira, Distrito de Vila Cristina - Caxias do Sul - RS",🔴 Sem Site (100% Guia),,4.4,136,⚡ Médio (50-300),Onira.fly (Canal Próprio & Cardápio Digital),🔴 Fit Crítico,"Gastronomia dependente de fluxo de fim de semana ou delivery; alto impacto com cardápio visual ultra-rápido, rota Maps e pedido direto no WhatsApp.","Implantar canal próprio com cardápio interativo e checkout Pix, tornando o negócio 100% indexável na busca do Google e IA.",+555499483292,"https://www.google.com.br/maps/place/Recanto+Nova+Palmira/@-29.3370443,-51.2272187,13z/data=!4m5!3m4!1s0x951eaf073a9fec87:0x6d8e8b3cf7e15433!8m2!3d-29.3285094!4d-51.1859916",@barcarolocafegarden,💤 Baixa / Esporádica (Apenas institucional),https://www.guiadecaxiasdosul.com/empresa/onde-comer/barcarolo-cafe-e-garden-2931
10,Bolicho Do Cadão,Gastronomia Rural,Rural / Interior,Vila Oliva,Endereço: Avenida Gavioli 1569 - Distrito de Vila Oliva,🔴 Sem Site (100% Guia),,4.8,394,🔥 Alto (>300),Onira.fly (Canal Próprio & Cardápio Digital),🔴 Fit Crítico,"Gastronomia dependente de fluxo de fim de semana ou delivery; alto impacto com cardápio visual ultra-rápido, rota Maps e pedido direto no WhatsApp.","Implantar canal próprio com cardápio interativo e checkout Pix, tornando o negócio 100% indexável na busca do Google e IA.",Não informado,"https://www.google.com.br/maps/dir//-29.2242452,-50.8901369/@-29.2241167,-50.8896635,240m/data=!3m1!1e3!4m2!4m1!3e0",@bolichodocado,🔥 Alta (Feed semanal + Stories diários),https://www.guiadecaxiasdosul.com/empresa/onde-comer/bolicho-do-cadao-2749
11,Café Galópolis,Gastronomia Rural,Rural / Interior,Galópolis,Café Galópolis - Serviço - Guia de Caxias do Sul,🔴 Sem Site (100% Guia),,4.7,147,⚡ Médio (50-300),Onira.fly (Canal Próprio & Cardápio Digital),🔴 Fit Crítico,"Gastronomia dependente de fluxo de fim de semana ou delivery; alto impacto com cardápio visual ultra-rápido, rota Maps e pedido direto no WhatsApp.","Implantar canal próprio com cardápio interativo e checkout Pix, tornando o negócio 100% indexável na busca do Google e IA.",+555432841551,"https://www.google.com/maps/dir//Cafeteria+Gal%C3%B3polis+-+R.+Pedro+Chaves,+102+-+Gal%C3%B3polis,+Caxias+do+Sul+-+RS,+95090-050/@-29.2309856,-51.158585,18.34z/data=!4m9!4m8!1m0!1m5!1m1!1s0x951ebb21d39d6a41:0x5459336cae1aab62!2m2!1d-51.1583695!2d-29.2306665!3e0",@cafgalpolis,💤 Baixa / Esporádica (Apenas institucional),https://www.guiadecaxiasdosul.com/empresa/onde-comer/cafe-galopolis-3029
12,Caminho s do Morango,Gastronomia Rural,Rural / Interior,Vila Seca,"Estrada Municipal Caminho dos Morangos, Vila Seca, Caxias do Sul",🔴 Sem Site (100% Guia),,4.6,177,⚡ Médio (50-300),Onira.fly (Canal Próprio & Cardápio Digital),🔴 Fit Crítico,"Gastronomia dependente de fluxo de fim de semana ou delivery; alto impacto com cardápio visual ultra-rápido, rota Maps e pedido direto no WhatsApp.","Implantar canal próprio com cardápio interativo e checkout Pix, tornando o negócio 100% indexável na busca do Google e IA.",+5554999670803,https://www.google.com/maps/place/CAMINHO,@caminhosdomorango,⚡ Média (Stories periódicos / Link bio),https://www.guiadecaxiasdosul.com/empresa/onde-comer/caminho-s-do-morango-2780
13,Cappelletti Burguer,Gastronomia Rural,Rural / Interior,Forqueta,"Cappelletti Burguer está localizada logo na entrada de Forqueta. Serve xis, baur",🟢 Site Ativo (200),https://cappellettiburguer.com.br/cardapio,4.8,38,💤 Baixo (<50),Onira.fly (Canal Próprio & Cardápio Digital),🟡 Fit Alto,"Gastronomia dependente de fluxo de fim de semana ou delivery; alto impacto com cardápio visual ultra-rápido, rota Maps e pedido direto no WhatsApp.","Implantar canal próprio com cardápio interativo e checkout Pix, tornando o negócio 100% indexável na busca do Google e IA.",+5554999714772,"https://www.google.com/maps/dir//-29.2126238,-51.2837252/@-29.2126191,-51.2859139,17z/data=!4m2!4m1!3e0",@cappellettiburguer,💤 Baixa / Esporádica (Apenas institucional),https://www.guiadecaxiasdosul.com/empresa/cappelletti-burguer-1722
14,Casa Nobre Hamburgueria,Gastronomia Rural,Rural / Interior,Ana Rech,Av. Rio Branco - Ana Rech - ao lado da praça.,🔴 Sem Site (100% Guia),,4.8,116,⚡ Médio (50-300),Onira.fly (Canal Próprio & Cardápio Digital),🔴 Fit Crítico,"Gastronomia dependente de fluxo de fim de semana ou delivery; alto impacto com cardápio visual ultra-rápido, rota Maps e pedido direto no WhatsApp.","Implantar canal próprio com cardápio interativo e checkout Pix, tornando o negócio 100% indexável na busca do Google e IA.",+5554992515230,"https://www.google.com.br/maps/dir//Casa+Nobre+Hamburguer+-+Av.+Rio+Branco+-+Ana+Rech,+Caxias+do+Sul+-+RS,+95060-145/@-29.1133364,-51.0865205,19.86z/data=!4m8!4m7!1m0!1m5!1m1!1s0x951ebf07270d9feb:0x87001133c0e94c!2m2!1d-51.0862913!2d-29.1133394?entry=ttu",@casanobrehamburgueri,⚡ Média (Stories periódicos / Link bio),https://www.guiadecaxiasdosul.com/empresa/onde-comer/casa-nobre-hamburgueria-3156
15,Churrascaria Caminho do sol,Gastronomia Rural,Rural / Interior,Ana Rech,"RS 453, Rota do Sol, Ana Rech,  Caxias do Sul",🔴 Sem Site (100% Guia),,4.7,209,⚡ Médio (50-300),Onira.fly (Canal Próprio & Cardápio Digital),🔴 Fit Crítico,"Gastronomia dependente de fluxo de fim de semana ou delivery; alto impacto com cardápio visual ultra-rápido, rota Maps e pedido direto no WhatsApp.","Implantar canal próprio com cardápio interativo e checkout Pix, tornando o negócio 100% indexável na busca do Google e IA.",+5554996850056,"https://www.google.com.br/maps/dir//Churrascaria+Caminho+do+Sol+-+Av.+Dante+Marcucci+-+Ana+Rech,+Caxias+do+Sul+-+RS,+95060-160/@-29.1284921,-51.074454,116m/data=!3m1!1e3!4m9!4m8!1m0!1m5!1m1!1s0x951ebf939a24fa0d:0x824166ff887e3dfe!2m2!1d-51.0745608!2d-29.1283916!3e0?entry=ttu&g_ep=EgoyMDI0MTAxNi4wIKXMDSoASAFQAw%3D%3D",@churrascariacaminhod,🔥 Alta (Feed semanal + Stories diários),https://www.guiadecaxiasdosul.com/empresa/onde-comer/churrascaria-caminho-do-sol-2776
16,Churrascaria do Gaúcho,Gastronomia Rural,Rural / Interior,Ana Rech," RS 453 - Rota do Sol, KM 153 - Ana Rech, ",🔴 Sem Site (100% Guia),,4.5,145,⚡ Médio (50-300),Onira.fly (Canal Próprio & Cardápio Digital),🔴 Fit Crítico,"Gastronomia dependente de fluxo de fim de semana ou delivery; alto impacto com cardápio visual ultra-rápido, rota Maps e pedido direto no WhatsApp.","Implantar canal próprio com cardápio interativo e checkout Pix, tornando o negócio 100% indexável na busca do Google e IA.",+5551997323476,"https://www.google.com.br/maps/dir//-29.126403,-51.072188/@-29.1264018,-51.0728317,188m/data=!3m1!1e3?entry=ttu",@churrascariadogacho,⚡ Média (Stories periódicos / Link bio),https://www.guiadecaxiasdosul.com/empresa/onde-comer/churrascaria-do-gaucho-3154
17,Colônia Klering,Gastronomia Rural,Rural / Interior,Loreto," Estrada Cerro da Glória, a 300 metros da Estada da Uva. Localidade de Loreto, 2",🔴 Sem Site (100% Guia),,4.9,207,⚡ Médio (50-300),Onira.fly (Canal Próprio & Cardápio Digital),🔴 Fit Crítico,"Gastronomia dependente de fluxo de fim de semana ou delivery; alto impacto com cardápio visual ultra-rápido, rota Maps e pedido direto no WhatsApp.","Implantar canal próprio com cardápio interativo e checkout Pix, tornando o negócio 100% indexável na busca do Google e IA.",+5554992772543,"https://www.google.com.br/maps/place/Col%C3%B4nia+Klering/@-29.2903656,-51.2380365,481m/data=!3m1!1e3!4m5!3m4!1s0x951ea516a32e6023:0x904bf22d96f86925!8m2!3d-29.2898342!4d-51.2373858",@colniaklering,💤 Baixa / Esporádica (Apenas institucional),https://www.guiadecaxiasdosul.com/empresa/onde-comer/colonia-klering-2924
18,Côlonia Pouso Alto,Gastronomia Rural,Rural / Interior,Fazenda Souza," Rua Demétrio Giacomet, 2588, Zona Giacomet, Distrito de Fazenda Souza. Ao deixa",🔴 Sem Site (100% Guia),,4.5,229,⚡ Médio (50-300),Onira.fly (Canal Próprio & Cardápio Digital),🔴 Fit Crítico,"Gastronomia dependente de fluxo de fim de semana ou delivery; alto impacto com cardápio visual ultra-rápido, rota Maps e pedido direto no WhatsApp.","Implantar canal próprio com cardápio interativo e checkout Pix, tornando o negócio 100% indexável na busca do Google e IA.",+5554991453623,"https://www.google.com/maps/dir//Caxias+do+Sul,+Rio+Grande+do+Sul/@-29.1052372,-51.012878,680m/data=!3m1!1e3!4m9!4m8!1m0!1m5!1m1!1s0x951ec080f897707f:0xc66e5f9f6f497773!2m2!1d-51.0097225!2d-29.1047282!3e0?hl=pt-BR",@cloniapousoalto,⚡ Média (Stories periódicos / Link bio),https://www.guiadecaxiasdosul.com/empresa/onde-comer/colonia-pouso-alto-2761
19,Corujão Lanches,Gastronomia Rural,Rural / Interior,Distritos / Interior,Camila Letícia Chinali e Lucas Cecatto tocam a lancheria há seis anos em Santa L,🔴 Sem Site (100% Guia),,4.4,468,🔥 Alto (>300),Onira.fly (Canal Próprio & Cardápio Digital),🔴 Fit Crítico,"Gastronomia dependente de fluxo de fim de semana ou delivery; alto impacto com cardápio visual ultra-rápido, rota Maps e pedido direto no WhatsApp.","Implantar canal próprio com cardápio interativo e checkout Pix, tornando o negócio 100% indexável na busca do Google e IA.",+5554999714254,"https://www.google.com.br/maps/dir//Coruj%C3%A3o+lanches,+Caxias+do+Sul+-+RS/@-29.241788,-51.0209663,18z/data=!4m9!4m8!1m0!1m5!1m1!1s0x951eb7c36d06af85:0x371087ee34582ff3!2m2!1d-51.0211619!2d-29.241969!3e0",@corujolanches,💤 Baixa / Esporádica (Apenas institucional),https://www.guiadecaxiasdosul.com/empresa/onde-comer/corujao-lanches-2744
20,Eskimó Ana Rech A Parada do Verão,Gastronomia Rural,Rural / Interior,Ana Rech,Eskimó Ana Rech A Parada do Verão - Serviço - Guia de Caxias do Sul,🔴 Sem Site (100% Guia),,4.6,170,⚡ Médio (50-300),Onira.fly (Canal Próprio & Cardápio Digital),🔴 Fit Crítico,"Gastronomia dependente de fluxo de fim de semana ou delivery; alto impacto com cardápio visual ultra-rápido, rota Maps e pedido direto no WhatsApp.","Implantar canal próprio com cardápio interativo e checkout Pix, tornando o negócio 100% indexável na busca do Google e IA.",+5554992071211,"https://www.google.com/maps/dir//Eskim%C3%B3+parada+do+ver%C3%A3o+Ana+Rech+-+Av.+Rio+Branco,+3013+-+Ana+Rech,+Caxias+do+Sul+-+RS,+95060-145/@-29.1136865,-51.0935913,87m/data=!3m1!1e3!4m9!4m8!1m0!1m5!1m1!1s0x951ebe7494735a91:0xbef922041885a39e!2m2!1d-51.0938361!2d-29.1135728!3e0",@eskimanarechaparadad,🔥 Alta (Feed semanal + Stories diários),https://www.guiadecaxiasdosul.com/empresa/onde-comer/eskimo-ana-rech-a-parada-do-verao-3086
21,Etnias Garden Café,Gastronomia Rural,Rural / Interior,Criúva,"15 de Novembro, Criúva",🔴 Sem Site (100% Guia),,4.8,408,🔥 Alto (>300),Onira.fly (Canal Próprio & Cardápio Digital),🔴 Fit Crítico,"Gastronomia dependente de fluxo de fim de semana ou delivery; alto impacto com cardápio visual ultra-rápido, rota Maps e pedido direto no WhatsApp.","Implantar canal próprio com cardápio interativo e checkout Pix, tornando o negócio 100% indexável na busca do Google e IA.",+5554999151536,"https://www.google.com/maps/dir//-28.8748171,-50.9778095/@-28.8750599,-50.9779996,186m/data=!3m1!1e3?entry=ttu",@etniasgardencaf,💤 Baixa / Esporádica (Apenas institucional),https://www.guiadecaxiasdosul.com/empresa/onde-comer/etnias-garden-cafe-3191
22,Gruta 3ª Légua Restaurante e Lanches,Gastronomia Rural,Rural / Interior,Distritos / Interior,"Estrada do Imigrante, São Pedro da 3ª Légua - ÁREA RURAL",🔴 Sem Site (100% Guia),,4.6,98,⚡ Médio (50-300),Onira.fly (Canal Próprio & Cardápio Digital),🔴 Fit Crítico,"Gastronomia dependente de fluxo de fim de semana ou delivery; alto impacto com cardápio visual ultra-rápido, rota Maps e pedido direto no WhatsApp.","Implantar canal próprio com cardápio interativo e checkout Pix, tornando o negócio 100% indexável na busca do Google e IA.",+5554991530855,"https://www.google.com.br/maps/dir//Gruta+da+Terceira+L%C3%A9gua+-+Nossa+Senhora+de+Lurdes+-+3%C2%BA+L%C3%A9gua,+Estrada+do+Imigrante,+s%2Fn+-+Gal%C3%B3polis,+Caxias+do+Sul+-+RS,+95090-020/@-29.264118,-51.1783989,17z/data=!4m9!4m8!1m0!1m5!1m1!1s0x951ea32ad5971f03:0x6a87dd290a3152cb!2m2!1d-51.1762113!2d-29.2641225!3e0",@gruta3lguarestaurant,⚡ Média (Stories periódicos / Link bio),https://www.guiadecaxiasdosul.com/empresa/onde-comer/gruta-3a-legua-restaurante-e-lanches-1768
23,Ju Lanches e Restaurante,Gastronomia Rural,Rural / Interior,Distritos / Interior,O bauru servido no Restaurante e Lancheria da Ju é famoso e atrai pessoas de div,🔴 Sem Site (100% Guia),,4.9,228,⚡ Médio (50-300),Onira.fly (Canal Próprio & Cardápio Digital),🔴 Fit Crítico,"Gastronomia dependente de fluxo de fim de semana ou delivery; alto impacto com cardápio visual ultra-rápido, rota Maps e pedido direto no WhatsApp.","Implantar canal próprio com cardápio interativo e checkout Pix, tornando o negócio 100% indexável na busca do Google e IA.",Não informado,"https://www.google.com.br/maps/dir//R.+%C3%82ngelo+Balbinotti,+Caxias+do+Sul+-+RS/@-29.0687043,-50.9734611,59m/data=!3m1!1e3!4m8!4m7!1m0!1m5!1m1!1s0x951ec03507e74583:0x3f039a0991572795!2m2!1d-50.9731428!2d-29.0685992",@julancheserestaurant,💤 Baixa / Esporádica (Apenas institucional),https://www.guiadecaxiasdosul.com/empresa/onde-comer/ju-lanches-e-restaurante-2801
24,Kioske Lanches e Restaurante,Gastronomia Rural,Rural / Interior,Fazenda Souza,"Rua Dante Marcucci, 6245 - Fazenda Souza",🔴 Sem Site (100% Guia),,4.4,185,⚡ Médio (50-300),Onira.fly (Canal Próprio & Cardápio Digital),🔴 Fit Crítico,"Gastronomia dependente de fluxo de fim de semana ou delivery; alto impacto com cardápio visual ultra-rápido, rota Maps e pedido direto no WhatsApp.","Implantar canal próprio com cardápio interativo e checkout Pix, tornando o negócio 100% indexável na busca do Google e IA.",+555432671324,https://www.google.com.br/maps/place/29%C2%B007,@kioskelancheserestau,⚡ Média (Stories periódicos / Link bio),https://www.guiadecaxiasdosul.com/empresa/onde-comer/kioske-lanches-e-restaurante-1663
25,Leddy's Burguer,Gastronomia Rural,Rural / Interior,Ana Rech,"Avenida Rio Branco, 2363, Ana Rech, Caxias do Sul",🔴 Sem Site (100% Guia),,4.8,351,🔥 Alto (>300),Onira.fly (Canal Próprio & Cardápio Digital),🔴 Fit Crítico,"Gastronomia dependente de fluxo de fim de semana ou delivery; alto impacto com cardápio visual ultra-rápido, rota Maps e pedido direto no WhatsApp.","Implantar canal próprio com cardápio interativo e checkout Pix, tornando o negócio 100% indexável na busca do Google e IA.",+5554991600624,https://www.google.com.br/maps/dir//Leddy,@leddysburguer,🔥 Alta (Feed semanal + Stories diários),https://www.guiadecaxiasdosul.com/empresa/onde-comer/leddys-burguer-2949
26,Leleko's Petiscaria Music Pub,Gastronomia Rural,Rural / Interior,Ana Rech,"Leleko's Petiscaria Music Pub em Ana Rech, ótima escolha para happy ou passar ho",🔴 Sem Site (100% Guia),,4.8,220,⚡ Médio (50-300),Onira.fly (Canal Próprio & Cardápio Digital),🔴 Fit Crítico,"Gastronomia dependente de fluxo de fim de semana ou delivery; alto impacto com cardápio visual ultra-rápido, rota Maps e pedido direto no WhatsApp.","Implantar canal próprio com cardápio interativo e checkout Pix, tornando o negócio 100% indexável na busca do Google e IA.",+555435380232,https://www.google.com.br/maps/dir//Leleko,@lelekospetiscariamus,⚡ Média (Stories periódicos / Link bio),https://www.guiadecaxiasdosul.com/empresa/onde-comer/lelekos-petiscaria-music-pub-3167
27,Los Manos Grill,Gastronomia Rural,Rural / Interior,Ana Rech,"Av. Rio Branco, 4949 - Ana Rech - Caxias do Sul",⚠️ Site Fora do Ar (404/SSL),https://www.losmanosgrill.com/,4.7,395,🔥 Alto (>300),Onira.fly (Canal Próprio & Cardápio Digital),🔴 Fit Crítico,"Gastronomia dependente de fluxo de fim de semana ou delivery; alto impacto com cardápio visual ultra-rápido, rota Maps e pedido direto no WhatsApp.","Implantar canal próprio com cardápio interativo e checkout Pix, tornando o negócio 100% indexável na busca do Google e IA.",+5554999735022,"https://www.google.com/maps/dir//Restaurante+Los+Manos+Grill+-+Av.+Rio+Branco,+4949+-+Ana+Rech,+Caxias+do+Sul+-+RS,+95060-610/@-29.1175334,-51.1127309,20z/data=!4m8!4m7!1m0!1m5!1m1!1s0x951ebdea6b5d89d5:0x538b8c6f40fb5bb0!2m2!1d-51.1127745!2d-29.1175082?entry=ttu",@losmanosgrill,💤 Baixa / Esporádica (Apenas institucional),https://www.guiadecaxiasdosul.com/empresa/onde-comer/los-manos-grill-3144
28,Mucke Haus Café,Gastronomia Rural,Rural / Interior,Santa Lúcia do Piaí,"R. Rosa Franciozi Giordani, 220 - Santa Lúcia do Piaí",🔴 Sem Site (100% Guia),,4.4,373,🔥 Alto (>300),Onira.fly (Canal Próprio & Cardápio Digital),🔴 Fit Crítico,"Gastronomia dependente de fluxo de fim de semana ou delivery; alto impacto com cardápio visual ultra-rápido, rota Maps e pedido direto no WhatsApp.","Implantar canal próprio com cardápio interativo e checkout Pix, tornando o negócio 100% indexável na busca do Google e IA.",Não informado,"https://www.google.com.br/maps/dir//Mucke+Haus+Caf%C3%A9+-+R.+Rosa+Franciozi+Giordani,+220+-+Santa+L%C3%BAcia+do+Pia%C3%AD,+Caxias+do+Sul+-+RS/@-29.2408934,-51.0208768,63m/data=!3m1!1e3!4m9!4m8!1m0!1m5!1m1!1s0x951eb7bf7583c15f:0x2cee08d9d2e7d1f4!2m2!1d-51.0209621!2d-29.2407121!3e0?entry=ttu&g_ep=EgoyMDI0MDkxNi4wIKXMDSoASAFQAw%3D%3D",@muckehauscaf,⚡ Média (Stories periódicos / Link bio),https://www.guiadecaxiasdosul.com/empresa/onde-comer/mucke-haus-cafe-3230
29,NNs Restaurante e Hamburgueria,Gastronomia Rural,Rural / Interior,Galópolis,"BR 116, km 159, Nº 587 , Galópolis",🔴 Sem Site (100% Guia),,4.5,183,⚡ Médio (50-300),Onira.fly (Canal Próprio & Cardápio Digital),🔴 Fit Crítico,"Gastronomia dependente de fluxo de fim de semana ou delivery; alto impacto com cardápio visual ultra-rápido, rota Maps e pedido direto no WhatsApp.","Implantar canal próprio com cardápio interativo e checkout Pix, tornando o negócio 100% indexável na busca do Google e IA.",+555432842045,"https://www.google.com.br/maps/dir//-29.2265273,-51.1599176/@-29.2266151,-51.1602684,131m/data=!3m1!1e3!4m2!4m1!3e0",@nnsrestauranteehambu,💤 Baixa / Esporádica (Apenas institucional),https://www.guiadecaxiasdosul.com/empresa/onde-comer/nns-restaurante-e-hamburgueria-3031
30,Osteria Casa Castagna,Gastronomia Rural,Rural / Interior,Distritos / Interior,"Estrada do Imigrante, 350. Região da 3° Légua",🔴 Sem Site (100% Guia),,4.9,472,🔥 Alto (>300),Onira.fly (Canal Próprio & Cardápio Digital),🔴 Fit Crítico,"Gastronomia dependente de fluxo de fim de semana ou delivery; alto impacto com cardápio visual ultra-rápido, rota Maps e pedido direto no WhatsApp.","Implantar canal próprio com cardápio interativo e checkout Pix, tornando o negócio 100% indexável na busca do Google e IA.",+5554991728388,"https://www.google.com.br/maps/dir//-29.253669,-51.19417/@-29.253669,-51.1948137,271m/data=!3m1!1e3!4m2!4m1!3e0?entry=ttu&g_ep=EgoyMDI0MTExOC4wIKXMDSoASAFQAw%3D%3D",@osteriacasacastagna,🔥 Alta (Feed semanal + Stories diários),https://www.guiadecaxiasdosul.com/empresa/onde-comer/osteria-casa-castagna-3245
31,Osteria Del Torchio - Área Rural,Gastronomia Rural,Rural / Interior,Distritos / Interior,Capela São Victor 4ª Légua,🔴 Sem Site (100% Guia),,4.5,86,⚡ Médio (50-300),Onira.fly (Canal Próprio & Cardápio Digital),🔴 Fit Crítico,"Gastronomia dependente de fluxo de fim de semana ou delivery; alto impacto com cardápio visual ultra-rápido, rota Maps e pedido direto no WhatsApp.","Implantar canal próprio com cardápio interativo e checkout Pix, tornando o negócio 100% indexável na busca do Google e IA.",+5554999012012,"https://www.google.com.br/maps/dir//-29.246746,-51.113864/@-29.246746,-51.1160527,752m/data=!3m1!1e3!4m2!4m1!3e0",@osteriadeltorchiorea,💤 Baixa / Esporádica (Apenas institucional),https://www.guiadecaxiasdosul.com/empresa/onde-comer/osteria-del-torchio-area-rural-1744
32,Padaria D'Mone,Gastronomia Rural,Rural / Interior,Fazenda Souza,"Avenida Dante Marcucci, Fazenda Souza",🔴 Sem Site (100% Guia),,4.6,267,⚡ Médio (50-300),Onira.fly (Canal Próprio & Cardápio Digital),🔴 Fit Crítico,"Gastronomia dependente de fluxo de fim de semana ou delivery; alto impacto com cardápio visual ultra-rápido, rota Maps e pedido direto no WhatsApp.","Implantar canal próprio com cardápio interativo e checkout Pix, tornando o negócio 100% indexável na busca do Google e IA.",+5554981433939,"https://www.google.com.br/maps/dir//-29.125724,-51.013598/@-29.125724,-51.0142417,271m/data=!3m1!1e3!4m2!4m1!3e0?entry=ttu&g_ep=EgoyMDI0MTExOC4wIKXMDSoASAFQAw%3D%3D",@padariadmone,⚡ Média (Stories periódicos / Link bio),https://www.guiadecaxiasdosul.com/empresa/onde-comer/padaria-dmone-3248
33,Padaria da Marlene,Gastronomia Rural,Rural / Interior,Ana Rech,"Padaria da Marlene em Santa Barbara de Ana Rech produz bolos, doces, salgados e ",🔴 Sem Site (100% Guia),,4.7,221,⚡ Médio (50-300),Onira.fly (Canal Próprio & Cardápio Digital),🔴 Fit Crítico,"Gastronomia dependente de fluxo de fim de semana ou delivery; alto impacto com cardápio visual ultra-rápido, rota Maps e pedido direto no WhatsApp.","Implantar canal próprio com cardápio interativo e checkout Pix, tornando o negócio 100% indexável na busca do Google e IA.",+5554991335355,"https://www.google.com.br/maps/dir//-29.077999,-51.08177/@-29.0779978,-51.0824374,394m/data=!3m1!1e3",@padariadamarlene,💤 Baixa / Esporádica (Apenas institucional),https://www.guiadecaxiasdosul.com/empresa/onde-comer/padaria-da-marlene-3126
34,Padaria Forqueta,Gastronomia Rural,Rural / Interior,Forqueta,Padaria Forqueta - Serviço - Guia de Caxias do Sul,🔴 Sem Site (100% Guia),,4.5,216,⚡ Médio (50-300),Onira.fly (Canal Próprio & Cardápio Digital),🔴 Fit Crítico,"Gastronomia dependente de fluxo de fim de semana ou delivery; alto impacto com cardápio visual ultra-rápido, rota Maps e pedido direto no WhatsApp.","Implantar canal próprio com cardápio interativo e checkout Pix, tornando o negócio 100% indexável na busca do Google e IA.",+555432061274,"https://www.google.com.br/maps/dir//Padaria+e+Confeitaria+Forqueta+-+Av.+Lu%C3%ADz+Franciosi+S%C3%A9rio,+471+-+Forqueta,+Caxias+do+Sul+-+RS,+95115-350/@-29.2147868,-51.2828527,19.25z/data=!4m8!4m7!1m0!1m5!1m1!1s0x951ea16aaa577a39:0x5ba1b953ebbb05b9!2m2!1d-51.2830009!2d-29.2151503",@padariaforqueta,⚡ Média (Stories periódicos / Link bio),https://www.guiadecaxiasdosul.com/empresa/onde-comer/padaria-forqueta-1721
35,Pesque e Pague Capeletti,Gastronomia Rural,Rural / Interior,Forqueta,"Endereço: Estrada Nossa Senhora da Salete,  Forqueta. Caxias do Sul - RS",🔴 Sem Site (100% Guia),,4.5,171,⚡ Médio (50-300),Onira.fly (Canal Próprio & Cardápio Digital),🔴 Fit Crítico,"Gastronomia dependente de fluxo de fim de semana ou delivery; alto impacto com cardápio visual ultra-rápido, rota Maps e pedido direto no WhatsApp.","Implantar canal próprio com cardápio interativo e checkout Pix, tornando o negócio 100% indexável na busca do Google e IA.",Não informado,"https://www.google.com.br/maps/dir//Pesque+e+Pague+Capeletti+Pesque+e+Pague+Capeletti+-+Comunidade,+Estr.+Nossa+Sra.+da+Salete+-+Forqueta,+Caxias+do+Sul+-+RS,+95115-350/@-29.2032858,-51.2957364,11097m/data=!3m1!1e3!4m8!4m7!1m0!1m5!1m1!1s0x951ea14b140870f9:0xeb339f820fa93b08!2m2!1d-51.2803811!2d-29.2335413",@pesqueepaguecapelett,🔥 Alta (Feed semanal + Stories diários),https://www.guiadecaxiasdosul.com/empresa/onde-comer/pesque-e-pague-capeletti-2933
36,Petisqueria ARAG Galópolis,Gastronomia Rural,Rural / Interior,Galópolis,Petisqueria ARAG Galópolis - Serviço - Guia de Caxias do Sul,🔴 Sem Site (100% Guia),,4.8,384,🔥 Alto (>300),Onira.fly (Canal Próprio & Cardápio Digital),🔴 Fit Crítico,"Gastronomia dependente de fluxo de fim de semana ou delivery; alto impacto com cardápio visual ultra-rápido, rota Maps e pedido direto no WhatsApp.","Implantar canal próprio com cardápio interativo e checkout Pix, tornando o negócio 100% indexável na busca do Google e IA.",+5554999863975,"https://www.google.com.br/maps/dir//R.+Edviges+Gall%C3%B3,+176-132+-+Gal%C3%B3polis,+Caxias+do+Sul+-+RS,+95090-080/@-29.2317821,-51.1573939,60m/data=!3m1!1e3!4m9!4m8!1m0!1m5!1m1!1s0x951ebb1fdf1a9af1:0x8dad729c6c2cba6d!2m2!1d-51.1574194!2d-29.2317634!3e0",@petisqueriaaraggalpo,⚡ Média (Stories periódicos / Link bio),https://www.guiadecaxiasdosul.com/empresa/onde-comer/petisqueria-arag-galopolis-3030
37,Reges Burguer,Gastronomia Rural,Rural / Interior,Ana Rech,"Av. Rio Branco, 1657, Ana Rech",🔴 Sem Site (100% Guia),,4.7,346,🔥 Alto (>300),Onira.fly (Canal Próprio & Cardápio Digital),🔴 Fit Crítico,"Gastronomia dependente de fluxo de fim de semana ou delivery; alto impacto com cardápio visual ultra-rápido, rota Maps e pedido direto no WhatsApp.","Implantar canal próprio com cardápio interativo e checkout Pix, tornando o negócio 100% indexável na busca do Google e IA.",+5554993763151,https://www.google.com/maps/search/?api=1&query=Reges+Burguer+Caxias+do+Sul,@regesburguer,💤 Baixa / Esporádica (Apenas institucional),https://www.guiadecaxiasdosul.com/empresa/onde-comer/reges-burguer-3128
38,Reis Restaurante e Lancheria  - Do Valmir,Gastronomia Rural,Rural / Interior,Vila Oliva,Distrito de Vila Oliva,🔴 Sem Site (100% Guia),,4.7,308,🔥 Alto (>300),Onira.fly (Canal Próprio & Cardápio Digital),🔴 Fit Crítico,"Gastronomia dependente de fluxo de fim de semana ou delivery; alto impacto com cardápio visual ultra-rápido, rota Maps e pedido direto no WhatsApp.","Implantar canal próprio com cardápio interativo e checkout Pix, tornando o negócio 100% indexável na busca do Google e IA.",+5554999654530,"https://www.google.com.br/maps/dir//Estr.+Fazenda+Souza,+8599-8909,+Caxias+do+Sul+-+RS/@-29.223994,-50.8906613,239m/data=!3m1!1e3!4m9!4m8!1m0!1m5!1m1!1s0x951ecef928905b63:0x45472d585c1ecc36!2m2!1d-50.8900792!2d-29.2238202!3e0


	",@reisrestauranteelanc,⚡ Média (Stories periódicos / Link bio),https://www.guiadecaxiasdosul.com/empresa/onde-comer/reis-restaurante-e-lancheria-do-valmir-2734
39,Restaurante da Glória - Criúva,Gastronomia Rural,Rural / Interior,Criúva,Restaurante da Glória - Criúva - Serviço - Guia de Caxias do Sul,🔴 Sem Site (100% Guia),,4.8,118,⚡ Médio (50-300),Onira.fly (Canal Próprio & Cardápio Digital),🔴 Fit Crítico,"Gastronomia dependente de fluxo de fim de semana ou delivery; alto impacto com cardápio visual ultra-rápido, rota Maps e pedido direto no WhatsApp.","Implantar canal próprio com cardápio interativo e checkout Pix, tornando o negócio 100% indexável na busca do Google e IA.",Não informado,"https://www.google.com/maps/dir//-28.8784028,-50.9761585/@-28.8785912,-50.9759644,263m/data=!3m1!1e3!4m2!4m1!3e0?hl=pt-BR",@restaurantedaglriacr,💤 Baixa / Esporádica (Apenas institucional),https://www.guiadecaxiasdosul.com/empresa/onde-comer/restaurante-da-gloria-criuva-2850
40,Restaurante e Confraria Perondi,Gastronomia Rural,Rural / Interior,Ana Rech,"Av.Rio Branco, 4768, Ana Rech - Caxias do Sul",🔴 Sem Site (100% Guia),,4.6,173,⚡ Médio (50-300),Onira.fly (Canal Próprio & Cardápio Digital),🔴 Fit Crítico,"Gastronomia dependente de fluxo de fim de semana ou delivery; alto impacto com cardápio visual ultra-rápido, rota Maps e pedido direto no WhatsApp.","Implantar canal próprio com cardápio interativo e checkout Pix, tornando o negócio 100% indexável na busca do Google e IA.",+5554984315613,"https://www.google.com/maps/dir//-29.117886,-51.110107/@-29.1178848,-51.1107507,232m/data=!3m1!1e3?entry=ttu",@restauranteeconfrari,🔥 Alta (Feed semanal + Stories diários),https://www.guiadecaxiasdosul.com/empresa/onde-comer/restaurante-e-confraria-perondi-3152
41,Restaurante Mazzochini,Gastronomia Rural,Rural / Interior,Vila Cristina,"Endere&ccedil;o:&nbsp;BR-116, Km 171&nbsp;- Distrito de Vila Cristina",🔴 Sem Site (100% Guia),,4.9,362,🔥 Alto (>300),Onira.fly (Canal Próprio & Cardápio Digital),🔴 Fit Crítico,"Gastronomia dependente de fluxo de fim de semana ou delivery; alto impacto com cardápio visual ultra-rápido, rota Maps e pedido direto no WhatsApp.","Implantar canal próprio com cardápio interativo e checkout Pix, tornando o negócio 100% indexável na busca do Google e IA.",Não informado,"https://www.google.com.br/maps/dir//Restaurante+Mazzochini+-+Rodovia+BR-116,+Km+171,+9626-9778+-+Vila+Cristina,+Caxias+do+Sul+-+RS/@-29.3121671,-51.1672582,17.7z/data=!4m8!4m7!1m0!1m5!1m1!1s0x951eb03215edc4e5:0xdd6f6b6f6a849368!2m2!1d-51.1677369!2d-29.3102109",@restaurantemazzochin,💤 Baixa / Esporádica (Apenas institucional),https://www.guiadecaxiasdosul.com/empresa/onde-comer/restaurante-mazzochini-2794
42,Sabor na Mesa Restaurante,Gastronomia Rural,Rural / Interior,Forqueta,"RSC 453,  n°11598. Junto posto entrada bairro Forqueta.",🔴 Sem Site (100% Guia),,4.7,147,⚡ Médio (50-300),Onira.fly (Canal Próprio & Cardápio Digital),🔴 Fit Crítico,"Gastronomia dependente de fluxo de fim de semana ou delivery; alto impacto com cardápio visual ultra-rápido, rota Maps e pedido direto no WhatsApp.","Implantar canal próprio com cardápio interativo e checkout Pix, tornando o negócio 100% indexável na busca do Google e IA.",+5554996481308,"https://www.google.com.br/maps/dir//Restaurante+Sabor+na+Mesa+-+RSC+453,+n%C3%BAmero+11598+-+Forqueta,+Caxias+do+Sul+-+RS,+95115-550/@-29.209653,-51.2875028,17z/data=!4m9!4m8!1m0!1m5!1m1!1s0x951ea1903f65f7d1:0xf68041bc80c1ff8a!2m2!1d-51.2849279!2d-29.209653!3e0?hl=pt-BR&entry=ttu&g_ep=EgoyMDI1MDYzMC4wIKXMDSoASAFQAw%3D%3D",@sabornamesarestauran,⚡ Média (Stories periódicos / Link bio),https://www.guiadecaxiasdosul.com/empresa/onde-comer/sabor-na-mesa-restaurante-3244
43,Va Bene Restaurante e Pizzaria,Gastronomia Rural,Rural / Interior,Criúva,"XV de Novembro, 620, Criúva",🔴 Sem Site (100% Guia),,4.7,466,🔥 Alto (>300),Onira.fly (Canal Próprio & Cardápio Digital),🔴 Fit Crítico,"Gastronomia dependente de fluxo de fim de semana ou delivery; alto impacto com cardápio visual ultra-rápido, rota Maps e pedido direto no WhatsApp.","Implantar canal próprio com cardápio interativo e checkout Pix, tornando o negócio 100% indexável na busca do Google e IA.",+5554999579662,"https://www.google.com/maps/dir/-28.8757316,-50.9764011/-28.8760886,-50.9773123/@-28.8760274,-50.9774614,94m/data=!3m1!1e3!4m4!4m3!1m0!1m1!4e1?entry=ttu&g_ep=EgoyMDI2MDYxNi4wIKXMDSoASAFQAw%3D%3D",@vabenerestauranteepi,💤 Baixa / Esporádica (Apenas institucional),https://www.guiadecaxiasdosul.com/empresa/onde-comer/va-bene-restaurante-e-pizzaria-3421
44,Xiclé Lanches e Restaurante,Gastronomia Rural,Rural / Interior,Ana Rech,"Av. Rio Branco, 5136, Ana Rech, Caxia do Sul",🔴 Sem Site (100% Guia),,4.8,63,⚡ Médio (50-300),Onira.fly (Canal Próprio & Cardápio Digital),🔴 Fit Crítico,"Gastronomia dependente de fluxo de fim de semana ou delivery; alto impacto com cardápio visual ultra-rápido, rota Maps e pedido direto no WhatsApp.","Implantar canal próprio com cardápio interativo e checkout Pix, tornando o negócio 100% indexável na busca do Google e IA.",+55054991041387,"https://www.google.com/maps/dir//Xicl%C3%A9+Restaurante+-+Av.+Rio+Branco,+5136+-+S%C3%A3o+Cristovao,+Caxias+do+Sul+-+RS,+95060-620/@-29.1181037,-51.1168668,659m/data=!3m1!1e3!4m9!4m8!1m0!1m5!1m1!1s0x951ebde7dfa6bfe7:0x732e969d029dd6a8!2m2!1d-51.1142919!2d-29.1181037!3e0?entry=ttu&g_ep=EgoyMDI1MDgwNi4wIKXMDSoASAFQAw%3D%3D",@xicllancheserestaura,⚡ Média (Stories periódicos / Link bio),https://www.guiadecaxiasdosul.com/empresa/onde-comer/xicle-lanches-e-restaurante-3149
45,Zara7 Pub,Gastronomia Rural,Rural / Interior,Galópolis,"Zara Pub é a opção de entretenimento em Galópolis. Opção em almoço com buffet, a",🔴 Sem Site (100% Guia),,4.5,51,⚡ Médio (50-300),Onira.fly (Canal Próprio & Cardápio Digital),🔴 Fit Crítico,"Gastronomia dependente de fluxo de fim de semana ou delivery; alto impacto com cardápio visual ultra-rápido, rota Maps e pedido direto no WhatsApp.","Implantar canal próprio com cardápio interativo e checkout Pix, tornando o negócio 100% indexável na busca do Google e IA.",+5554999364713,"https://www.google.com/maps/dir//Zara+7+PUB+-+R.+H%C3%A9rcules+Gall%C3%B3,+82+-+Gal%C3%B3polis,+Caxias+do+Sul+-+RS,+95090-110/@-29.2316564,-51.1573897,19.18z/data=!4m8!4m7!1m0!1m5!1m1!1s0x951ebb4ec2136d71:0xdc97125ff40c9344!2m2!1d-51.157589!2d-29.231457",@zara7pub,🔥 Alta (Feed semanal + Stories diários),https://www.guiadecaxiasdosul.com/empresa/onde-comer/zara7-pub-3001
46,Restaurante Chico do Mel e sabores da Tereza,Gastronomia Rural,Rural / Interior,Ana Rech,Restaurante Chico do Mel e sabores da Tereza - Restaurante típico em Ana Rech,🔴 Sem Site (100% Guia),,4.8,240,⚡ Médio (50-300),Onira.fly (Canal Próprio & Cardápio Digital),🔴 Fit Crítico,"Gastronomia dependente de fluxo de fim de semana ou delivery; alto impacto com cardápio visual ultra-rápido, rota Maps e pedido direto no WhatsApp.","Implantar canal próprio com cardápio interativo e checkout Pix, tornando o negócio 100% indexável na busca do Google e IA.",Não informado,"https://www.google.com.br/maps/place/Chico+do+Mel/@-29.109131,-51.081256,20z/data=!4m5!3m4!1s0x951ebe724f19126d:0x5efe764a4a2c4ddb!8m2!3d-29.1091991!4d-51.0810446",@restaurantechicodome,⚡ Média (Stories periódicos / Link bio),https://www.guiadecaxiasdosul.com/empresa/onde-comer/restaurante-chico-do-mel-e-sabores-da-tereza-2688
47,Venturin Empório Garden,Turismo Rural & Direto Produtor,Rural / Interior,Distritos / Interior,"Estrada Municipal Severino Martine Venturin, 7700, Monte Bérico ",🔴 Sem Site (100% Guia),,4.5,143,⚡ Médio (50-300),Onira Pro (Catálogo B2B / Atacado),🔴 Fit Crítico,Venda direta e distribuição de produtos coloniais em atacado para empórios e restaurantes; necessita de catálogo digital B2B com tabela PJ.,Substituir pedidos manuais no WhatsApp por catálogo corporativo com faturamento PJ e tabela de atacado.,+5554984100005,"https://www.google.com/maps/dir//Venturin+Uvas+Finas+-+Estrada+Municipal+Severino+Martine+Venturin+-+Monte+B%C3%A9rico,+Caxias+do+Sul+-+RS/@-29.1207239,-51.2386443,17z/data=!4m9!4m8!1m0!1m5!1m1!1s0x951e98ecbb7d6195:0xbb6154de297c9add!2m2!1d-51.2364556!2d-",@venturinempriogarden,💤 Baixa / Esporádica (Apenas institucional),https://www.guiadecaxiasdosul.com/empresa/turismo-rural-e-compras-direto-do-produtor/venturin-emporio-garden-1975
48,Massas e Biscoitos São Braz,Turismo Rural & Direto Produtor,Rural / Interior,Fazenda Souza,"Domingos Mazzochi, 237, São Braz, Fazenda Souza",🔴 Sem Site (100% Guia),,4.9,325,🔥 Alto (>300),Onira Pro (Catálogo B2B / Atacado),🔴 Fit Crítico,Venda direta e distribuição de produtos coloniais em atacado para empórios e restaurantes; necessita de catálogo digital B2B com tabela PJ.,Substituir pedidos manuais no WhatsApp por catálogo corporativo com faturamento PJ e tabela de atacado.,+5554996214105,https://www.google.com/maps/search/?api=1&query=Massas+e+Biscoitos+São+Braz+Caxias+do+Sul,@massasebiscoitossobr,⚡ Média (Stories periódicos / Link bio),https://www.guiadecaxiasdosul.com/empresa/turismo-rural-e-compras-direto-do-produtor/massas-e-biscoitos-sao-braz-3231
49,Agro Qualitá,Turismo Rural & Direto Produtor,Rural / Interior,Distritos / Interior,Não informado,🔴 Sem Site (100% Guia),,4.8,196,⚡ Médio (50-300),Onira Pro (Catálogo B2B / Atacado),🔴 Fit Crítico,Venda direta e distribuição de produtos coloniais em atacado para empórios e restaurantes; necessita de catálogo digital B2B com tabela PJ.,Substituir pedidos manuais no WhatsApp por catálogo corporativo com faturamento PJ e tabela de atacado.,+5554999548609,https://www.google.com/maps/search/?api=1&query=Agro+Qualitá+Caxias+do+Sul,@agroqualit,💤 Baixa / Esporádica (Apenas institucional),https://www.guiadecaxiasdosul.com/empresa/turismo-rural-e-compras-direto-do-produtor/agro-qualita-3120
50,Agroindústria Dolci Ricorddi,Turismo Rural & Direto Produtor,Rural / Interior,Distritos / Interior,"  Endereço - Estrada Padre Ari Camelo, Linha São Paulo - Distrito de Santa Lúcia",🔴 Sem Site (100% Guia),,4.5,290,⚡ Médio (50-300),Onira Pro (Catálogo B2B / Atacado),🔴 Fit Crítico,Venda direta e distribuição de produtos coloniais em atacado para empórios e restaurantes; necessita de catálogo digital B2B com tabela PJ.,Substituir pedidos manuais no WhatsApp por catálogo corporativo com faturamento PJ e tabela de atacado.,+5554997085364,https://maps.app.goo.gl/fi8fggQFNoDw2k539,@agroindstriadolciric,🔥 Alta (Feed semanal + Stories diários),https://www.guiadecaxiasdosul.com/empresa/turismo-rural-e-compras-direto-do-produtor/agroindustria-dolci-ricorddi-2869
51,Agroindústria Flor de Tunas e Frutas Tunas Altas,Turismo Rural & Direto Produtor,Rural / Interior,Vila Oliva,"Endereço Estrada Tunas Alta, Vila Oliva. Acesse a baixo link de localização  Dis",🔴 Sem Site (100% Guia),,4.6,364,🔥 Alto (>300),Onira Pro (Catálogo B2B / Atacado),🔴 Fit Crítico,Venda direta e distribuição de produtos coloniais em atacado para empórios e restaurantes; necessita de catálogo digital B2B com tabela PJ.,Substituir pedidos manuais no WhatsApp por catálogo corporativo com faturamento PJ e tabela de atacado.,+5554999400504,"https://www.google.com/maps/dir//-29.254993,-50.941634/@-29.254993,-50.9438227,17z/data=!4m2!4m1!3e0?hl=pt-BR",@agroindstriaflordetu,💤 Baixa / Esporádica (Apenas institucional),https://www.guiadecaxiasdosul.com/empresa/turismo-rural-e-compras-direto-do-produtor/agroindustria-flor-de-tunas-e-frutas-tunas-altas-2742
52,Agrorizzardi,Turismo Rural & Direto Produtor,Rural / Interior,Santa Lúcia do Piaí,Endereço - Estrada Municipal Jacob Boff - Distrito de Santa Lúcia do Piaí. Dista,🟢 Site Ativo (200),https://youtu.be/vySmCPsi9Ec,4.6,170,⚡ Médio (50-300),Onira Pro (Catálogo B2B / Atacado),🟡 Fit Alto,Venda direta e distribuição de produtos coloniais em atacado para empórios e restaurantes; necessita de catálogo digital B2B com tabela PJ.,Substituir pedidos manuais no WhatsApp por catálogo corporativo com faturamento PJ e tabela de atacado.,Não informado,"https://www.google.com.br/maps/dir//-29.2439438,-51.0048682/@-29.2443774,-51.0092772,753m/data=!3m1!1e3!4m2!4m1!3e0",@agrorizzardi,⚡ Média (Stories periódicos / Link bio),https://www.guiadecaxiasdosul.com/empresa/turismo-rural-e-compras-direto-do-produtor/agrorizzardi-2862
53,ALT HAUS Agroindústria de derivados da Cana de Açúcar,Turismo Rural & Direto Produtor,Rural / Interior,Vila Cristina,"Endere&ccedil;o: Linha Sebastopol 585, Vila Cristina - Via toda pavimentada at&e",🟢 Site Ativo (200),https://nairefinn.wixsite.com/althaus,4.5,416,🔥 Alto (>300),Onira Pro (Catálogo B2B / Atacado),🟡 Fit Alto,Venda direta e distribuição de produtos coloniais em atacado para empórios e restaurantes; necessita de catálogo digital B2B com tabela PJ.,Substituir pedidos manuais no WhatsApp por catálogo corporativo com faturamento PJ e tabela de atacado.,Não informado,"https://www.google.com.br/maps/dir//Agroind%C3%BAstria+Alt+Haus+-+Gal%C3%B3polis,+Caxias+do+Sul+-+RS/@-29.3384783,-51.1436736,956m/data=!3m1!1e3!4m8!4m7!1m0!1m5!1m1!1s0x951eb1862939a871:0x9228193092312ff7!2m2!1d-51.1400687!2d-29.33893",@althausagroindstriad,💤 Baixa / Esporádica (Apenas institucional),https://www.guiadecaxiasdosul.com/empresa/turismo-rural-e-compras-direto-do-produtor/alt-haus-agroindustria-de-derivados-da-cana-de-acucar-2790
54,Amor na Terra Morangos,Turismo Rural & Direto Produtor,Rural / Interior,Distritos / Interior,"Endereço: Rua Domingos Mazzochi, 253 localidade de São Braz - Distrito de Fazend",🔴 Sem Site (100% Guia),,4.7,169,⚡ Médio (50-300),Onira Pro (Catálogo B2B / Atacado),🔴 Fit Crítico,Venda direta e distribuição de produtos coloniais em atacado para empórios e restaurantes; necessita de catálogo digital B2B com tabela PJ.,Substituir pedidos manuais no WhatsApp por catálogo corporativo com faturamento PJ e tabela de atacado.,Não informado,"https://www.google.com.br/maps/dir//-29.1543241,-51.0644089/@-29.1543,-51.0644039,21z/data=!4m2!4m1!3e0",@amornaterramorangos,⚡ Média (Stories periódicos / Link bio),https://www.guiadecaxiasdosul.com/empresa/turismo-rural-e-compras-direto-do-produtor/amor-na-terra-morangos-2881
55,Apiário Abelhinha Feliz,Turismo Rural & Direto Produtor,Rural / Interior,Distritos / Interior,Não informado,🔴 Sem Site (100% Guia),,4.8,254,⚡ Médio (50-300),Onira Pro (Catálogo B2B / Atacado),🔴 Fit Crítico,Venda direta e distribuição de produtos coloniais em atacado para empórios e restaurantes; necessita de catálogo digital B2B com tabela PJ.,Substituir pedidos manuais no WhatsApp por catálogo corporativo com faturamento PJ e tabela de atacado.,+5554999283137,https://www.google.com/maps/search/?api=1&query=Apiário+Abelhinha+Feliz+Caxias+do+Sul,@apirioabelhinhafeliz,🔥 Alta (Feed semanal + Stories diários),https://www.guiadecaxiasdosul.com/empresa/turismo-rural-e-compras-direto-do-produtor/apiario-abelhinha-feliz-2886
56,As Irmãs Bianchi,Turismo Rural & Direto Produtor,Rural / Interior,Forqueta,"São Valentin, 2ª Légua, Forqueta",🔴 Sem Site (100% Guia),,4.8,239,⚡ Médio (50-300),Onira Pro (Catálogo B2B / Atacado),🔴 Fit Crítico,Venda direta e distribuição de produtos coloniais em atacado para empórios e restaurantes; necessita de catálogo digital B2B com tabela PJ.,Substituir pedidos manuais no WhatsApp por catálogo corporativo com faturamento PJ e tabela de atacado.,+5554999824121,"https://www.google.com.br/maps/dir//Caxias+do+Sul,+RS/@-29.3109896,-51.2392509,292m/data=!3m1!1e3!4m9!4m8!1m0!1m5!1m1!1s0x951eaf690e1cd37b:0x684dd5755cf6a41a!2m2!1d-51.2392648!2d-29.3110686!3e0",@asirmsbianchi,⚡ Média (Stories periódicos / Link bio),https://www.guiadecaxiasdosul.com/empresa/turismo-rural-e-compras-direto-do-produtor/as-irmas-bianchi-3112
57,BF Embutidos Suínos,Turismo Rural & Direto Produtor,Rural / Interior,Farias Lemos,"Endereço: Estrada Municipal João Edegar Jung, Farias Lemos, em frente a Igreja L",🔴 Sem Site (100% Guia),,4.6,105,⚡ Médio (50-300),Onira Pro (Catálogo B2B / Atacado),🔴 Fit Crítico,Venda direta e distribuição de produtos coloniais em atacado para empórios e restaurantes; necessita de catálogo digital B2B com tabela PJ.,Substituir pedidos manuais no WhatsApp por catálogo corporativo com faturamento PJ e tabela de atacado.,Não informado,"https://www.google.com.br/maps/dir//-29.2724841,-51.0543054/@-29.2729835,-51.0547216,379m/data=!3m1!1e3!4m2!4m1!3e0",@bfembutidossunos,💤 Baixa / Esporádica (Apenas institucional),https://www.guiadecaxiasdosul.com/empresa/turismo-rural-e-compras-direto-do-produtor/bf-embutidos-suinos-2857
58,Bianchi Embutidos,Turismo Rural & Direto Produtor,Rural / Interior,Distritos / Interior,Localizado no Distrito de Santa L&uacute;cia do Pia&iacute;. Para compras direto,🔴 Sem Site (100% Guia),,4.7,81,⚡ Médio (50-300),Onira Pro (Catálogo B2B / Atacado),🔴 Fit Crítico,Venda direta e distribuição de produtos coloniais em atacado para empórios e restaurantes; necessita de catálogo digital B2B com tabela PJ.,Substituir pedidos manuais no WhatsApp por catálogo corporativo com faturamento PJ e tabela de atacado.,+5554996876783,"https://www.google.com/maps/dir//-29.2255633,-50.9888751/@-29.225871,-50.989103,218m/data=!3m1!1e3?entry=ttu&g_ep=EgoyMDI2MDYyMS4wIKXMDSoASAFQAw%3D%3D",@bianchiembutidos,⚡ Média (Stories periódicos / Link bio),https://www.guiadecaxiasdosul.com/empresa/turismo-rural-e-compras-direto-do-produtor/bianchi-embutidos-3422
59,Cabanha dos Bugres,Turismo Rural & Direto Produtor,Rural / Interior,Forqueta,"Estrada da Uva, Forqueta, Caxias do Sul  - RS",🔴 Sem Site (100% Guia),,4.8,475,🔥 Alto (>300),Onira Pro (Catálogo B2B / Atacado),🔴 Fit Crítico,Venda direta e distribuição de produtos coloniais em atacado para empórios e restaurantes; necessita de catálogo digital B2B com tabela PJ.,Substituir pedidos manuais no WhatsApp por catálogo corporativo com faturamento PJ e tabela de atacado.,+5551998176100,"https://www.google.com.br/maps/dir//-29.2363023,-51.2408411/@-29.2360441,-51.2409684,138m/data=!3m1!1e3!4m2!4m1!3e0",@cabanhadosbugres,💤 Baixa / Esporádica (Apenas institucional),https://www.guiadecaxiasdosul.com/empresa/turismo-rural-e-compras-direto-do-produtor/cabanha-dos-bugres-3044
60,Caminho s do Morango,Turismo Rural & Direto Produtor,Rural / Interior,Vila Seca,"Estrada Municipal Caminho dos Morangos, Vila Seca, Caxias do Sul",🔴 Sem Site (100% Guia),,4.5,356,🔥 Alto (>300),Onira Pro (Catálogo B2B / Atacado),🔴 Fit Crítico,Venda direta e distribuição de produtos coloniais em atacado para empórios e restaurantes; necessita de catálogo digital B2B com tabela PJ.,Substituir pedidos manuais no WhatsApp por catálogo corporativo com faturamento PJ e tabela de atacado.,+5554999670803,https://www.google.com/maps/place/CAMINHO,@caminhosdomorango,🔥 Alta (Feed semanal + Stories diários),https://www.guiadecaxiasdosul.com/empresa/turismo-rural-e-compras-direto-do-produtor/caminho-s-do-morango-2780
61,Cantina Bertotti,Turismo Rural & Direto Produtor,Rural / Interior,Forqueta,"Na região de Forqueta que a Família Bertotti, feirante número um da feira do agr",🔴 Sem Site (100% Guia),,4.5,383,🔥 Alto (>300),Onira Pro (Catálogo B2B / Atacado),🔴 Fit Crítico,Venda direta e distribuição de produtos coloniais em atacado para empórios e restaurantes; necessita de catálogo digital B2B com tabela PJ.,Substituir pedidos manuais no WhatsApp por catálogo corporativo com faturamento PJ e tabela de atacado.,+5554991808586,https://www.google.com/maps/search/?api=1&query=Cantina+Bertotti+Caxias+do+Sul,@cantinabertotti,💤 Baixa / Esporádica (Apenas institucional),https://www.guiadecaxiasdosul.com/empresa/turismo-rural-e-compras-direto-do-produtor/cantina-bertotti-3105
62,Casa Histórica Bertussi,Turismo Rural & Direto Produtor,Rural / Interior,Criúva," Estrada Professor Natalino Boschetti, São Jorge da Mulada, Distrito de Criúva",🔴 Sem Site (100% Guia),,4.6,67,⚡ Médio (50-300),Onira Pro (Catálogo B2B / Atacado),🔴 Fit Crítico,Venda direta e distribuição de produtos coloniais em atacado para empórios e restaurantes; necessita de catálogo digital B2B com tabela PJ.,Substituir pedidos manuais no WhatsApp por catálogo corporativo com faturamento PJ e tabela de atacado.,+5554996766791,"https://www.google.com.br/maps/dir//Caxias+do+Sul,+Rio+Grande+do+Sul/@-28.865265,-50.9114557,375m/data=!3m1!1e3!4m8!4m7!1m0!1m5!1m1!1s0x951ef1e6fd20e743:0x6708d695d8f608fe!2m2!1d-50.9108458!2d-28.8654459",@casahistricabertussi,⚡ Média (Stories periódicos / Link bio),https://www.guiadecaxiasdosul.com/empresa/turismo-rural-e-compras-direto-do-produtor/casa-historica-bertussi-2845
63,Centro de Treinamento Junior Daboit,Turismo Rural & Direto Produtor,Rural / Interior,Fazenda Souza," Localidade Carapiaí, Distrito de Fazenda Souza",🔴 Sem Site (100% Guia),,4.6,340,🔥 Alto (>300),Onira Pro (Catálogo B2B / Atacado),🔴 Fit Crítico,Venda direta e distribuição de produtos coloniais em atacado para empórios e restaurantes; necessita de catálogo digital B2B com tabela PJ.,Substituir pedidos manuais no WhatsApp por catálogo corporativo com faturamento PJ e tabela de atacado.,+5554981008888,"https://www.google.com/maps/dir//-29.16122,-51.011297/@-29.1612177,-51.0123913,455m/data=!3m1!1e3?hl=pt-BR",@centrodetreinamentoj,💤 Baixa / Esporádica (Apenas institucional),https://www.guiadecaxiasdosul.com/empresa/turismo-rural-e-compras-direto-do-produtor/centro-de-treinamento-junior-daboit-2902
64,CitriSerra - Garimpo Silvestro,Turismo Rural & Direto Produtor,Rural / Interior,Distritos / Interior,Não informado,🔴 Sem Site (100% Guia),,4.9,305,🔥 Alto (>300),Onira Pro (Catálogo B2B / Atacado),🔴 Fit Crítico,Venda direta e distribuição de produtos coloniais em atacado para empórios e restaurantes; necessita de catálogo digital B2B com tabela PJ.,Substituir pedidos manuais no WhatsApp por catálogo corporativo com faturamento PJ e tabela de atacado.,+5554999171453,https://www.google.com/maps/search/?api=1&query=CitriSerra+-+Garimpo+Silvestro+Caxias+do+Sul,@citriserragarimposil,⚡ Média (Stories periódicos / Link bio),https://www.guiadecaxiasdosul.com/empresa/turismo-rural-e-compras-direto-do-produtor/citriserra-garimpo-silvestro-2756
65,Côlonia Pouso Alto,Turismo Rural & Direto Produtor,Rural / Interior,Fazenda Souza," Rua Demétrio Giacomet, 2588, Zona Giacomet, Distrito de Fazenda Souza. Ao deixa",🔴 Sem Site (100% Guia),,4.5,318,🔥 Alto (>300),Onira Pro (Catálogo B2B / Atacado),🔴 Fit Crítico,Venda direta e distribuição de produtos coloniais em atacado para empórios e restaurantes; necessita de catálogo digital B2B com tabela PJ.,Substituir pedidos manuais no WhatsApp por catálogo corporativo com faturamento PJ e tabela de atacado.,+5554991453623,"https://www.google.com/maps/dir//Caxias+do+Sul,+Rio+Grande+do+Sul/@-29.1052372,-51.012878,680m/data=!3m1!1e3!4m9!4m8!1m0!1m5!1m1!1s0x951ec080f897707f:0xc66e5f9f6f497773!2m2!1d-51.0097225!2d-29.1047282!3e0?hl=pt-BR",@cloniapousoalto,🔥 Alta (Feed semanal + Stories diários),https://www.guiadecaxiasdosul.com/empresa/turismo-rural-e-compras-direto-do-produtor/colonia-pouso-alto-2761
66,Confraria dos Orgânicos,Turismo Rural & Direto Produtor,Rural / Interior,Distritos / Interior,"Augusto Christ Teixeira garante: na propriedade em que ele planta, nunca entrou ",🟢 Site Ativo (200),https://confrariadosorganicos.com.br/produtos/,4.8,40,💤 Baixo (<50),Onira Pro (Catálogo B2B / Atacado),🟡 Fit Alto,Venda direta e distribuição de produtos coloniais em atacado para empórios e restaurantes; necessita de catálogo digital B2B com tabela PJ.,Substituir pedidos manuais no WhatsApp por catálogo corporativo com faturamento PJ e tabela de atacado.,Não informado,https://www.google.com/maps/search/?api=1&query=Confraria+dos+Orgânicos+Caxias+do+Sul,@confrariadosorgnicos,⚡ Média (Stories periódicos / Link bio),https://www.guiadecaxiasdosul.com/empresa/turismo-rural-e-compras-direto-do-produtor/confraria-dos-organicos-2832
67,CV Embutidos da Serra,Turismo Rural & Direto Produtor,Rural / Interior,Santa Lúcia do Piaí,"Egídio José costa, 50 - Santa Lúcia do Piaí,",🔴 Sem Site (100% Guia),,4.7,93,⚡ Médio (50-300),Onira Pro (Catálogo B2B / Atacado),🔴 Fit Crítico,Venda direta e distribuição de produtos coloniais em atacado para empórios e restaurantes; necessita de catálogo digital B2B com tabela PJ.,Substituir pedidos manuais no WhatsApp por catálogo corporativo com faturamento PJ e tabela de atacado.,+5554999585851,https://www.google.com/maps/search/?api=1&query=CV+Embutidos+da+Serra+Caxias+do+Sul,@cvembutidosdaserra,💤 Baixa / Esporádica (Apenas institucional),https://www.guiadecaxiasdosul.com/empresa/turismo-rural-e-compras-direto-do-produtor/cv-embutidos-da-serra-3423
68,Direch Funghi,Turismo Rural & Direto Produtor,Rural / Interior,Vila Seca,DIRECH FUNGHI - Cultivo de funghi no Distrito de Vila Seca. Adquira produtos fre,🔴 Sem Site (100% Guia),,4.7,309,🔥 Alto (>300),Onira Pro (Catálogo B2B / Atacado),🔴 Fit Crítico,Venda direta e distribuição de produtos coloniais em atacado para empórios e restaurantes; necessita de catálogo digital B2B com tabela PJ.,Substituir pedidos manuais no WhatsApp por catálogo corporativo com faturamento PJ e tabela de atacado.,Não informado,"https://www.google.com.br/maps/dir//Caxias+do+Sul,+Rio+Grande+do+Sul/@-29.0710153,-50.985899,533m/data=!3m1!1e3!4m9!4m8!1m0!1m5!1m1!1s0x951ec03eb5e50223:0x3ed5aeecbdbd434a!2m2!1d-50.9865412!2d-29.0713372!3e0",@direchfunghi,⚡ Média (Stories periódicos / Link bio),https://www.guiadecaxiasdosul.com/empresa/turismo-rural-e-compras-direto-do-produtor/direch-funghi-2836
69,Divina Lavanda,Turismo Rural & Direto Produtor,Rural / Interior,Distritos / Interior,Não informado,⚠️ Site Fora do Ar (404/SSL),https://divinalavanda.com/nossos-produtos/,4.8,428,🔥 Alto (>300),Onira Pro (Catálogo B2B / Atacado),🔴 Fit Crítico,Venda direta e distribuição de produtos coloniais em atacado para empórios e restaurantes; necessita de catálogo digital B2B com tabela PJ.,Substituir pedidos manuais no WhatsApp por catálogo corporativo com faturamento PJ e tabela de atacado.,c/555499330339,https://www.google.com/maps/search/?api=1&query=Divina+Lavanda+Caxias+do+Sul,@divinalavanda,💤 Baixa / Esporádica (Apenas institucional),https://www.guiadecaxiasdosul.com/empresa/turismo-rural-e-compras-direto-do-produtor/divina-lavanda-3251
70,Divina Suculenta,Turismo Rural & Direto Produtor,Rural / Interior,Fazenda Souza," Estrada São Roque, 2021, Fazenda Souza, ",🔴 Sem Site (100% Guia),,4.7,92,⚡ Médio (50-300),Onira Pro (Catálogo B2B / Atacado),🔴 Fit Crítico,Venda direta e distribuição de produtos coloniais em atacado para empórios e restaurantes; necessita de catálogo digital B2B com tabela PJ.,Substituir pedidos manuais no WhatsApp por catálogo corporativo com faturamento PJ e tabela de atacado.,+5554981101010,"https://www.google.com.br/maps/dir//-29.148136,-50.972746/@-29.148136,-50.9733897,271m/data=!3m1!1e3!4m2!4m1!3e0?entry=ttu&g_ep=EgoyMDI0MTAwOS4wIKXMDSoASAFQAw%3D%3D",@divinasuculenta,🔥 Alta (Feed semanal + Stories diários),https://www.guiadecaxiasdosul.com/empresa/turismo-rural-e-compras-direto-do-produtor/divina-suculenta-3233
71,EGM Uvas Protegidas,Turismo Rural & Direto Produtor,Rural / Interior,Distritos / Interior,"Estrada do Imigrante, São Pedro da  3ª Légua",🔴 Sem Site (100% Guia),,4.5,115,⚡ Médio (50-300),Onira Pro (Catálogo B2B / Atacado),🔴 Fit Crítico,Venda direta e distribuição de produtos coloniais em atacado para empórios e restaurantes; necessita de catálogo digital B2B com tabela PJ.,Substituir pedidos manuais no WhatsApp por catálogo corporativo com faturamento PJ e tabela de atacado.,+5554991626597,"https://www.google.com/maps/dir//-29.2643465,-51.1948464/@-29.2645334,-51.1950832,161m/data=!3m1!1e3!4m2!4m1!3e0?hl=pt-BR&entry=ttu&g_ep=EgoyMDI1MDMxOS4xIKXMDSoASAFQAw%3D%3D",@egmuvasprotegidas,💤 Baixa / Esporádica (Apenas institucional),https://www.guiadecaxiasdosul.com/empresa/turismo-rural-e-compras-direto-do-produtor/egm-uvas-protegidas-3365
72,Equitação para crianças e adultos,Turismo Rural & Direto Produtor,Rural / Interior,Vila Seca,"Estrada Fazenda Santa Clara, 1455 - Vila Seca",🔴 Sem Site (100% Guia),,4.6,404,🔥 Alto (>300),Onira Pro (Catálogo B2B / Atacado),🔴 Fit Crítico,Venda direta e distribuição de produtos coloniais em atacado para empórios e restaurantes; necessita de catálogo digital B2B com tabela PJ.,Substituir pedidos manuais no WhatsApp por catálogo corporativo com faturamento PJ e tabela de atacado.,+5554996221699,"https://www.google.com.br/maps/dir//-29.0306496,-50.8986511/@-29.0314191,-50.9004074,1021m/data=!3m1!1e3!4m2!4m1!3e0",@equitaoparacrianasea,⚡ Média (Stories periódicos / Link bio),https://www.guiadecaxiasdosul.com/empresa/turismo-rural-e-compras-direto-do-produtor/equitacao-para-criancas-e-adultos-2979
73,Famiglia Daneluz,Turismo Rural & Direto Produtor,Rural / Interior,Distritos / Interior,"Endereço: Estrada Municipal, Acesso p/ Água Azul, 1550, Santa Lúcia dp Piaí",🔴 Sem Site (100% Guia),,4.8,169,⚡ Médio (50-300),Onira Pro (Catálogo B2B / Atacado),🔴 Fit Crítico,Venda direta e distribuição de produtos coloniais em atacado para empórios e restaurantes; necessita de catálogo digital B2B com tabela PJ.,Substituir pedidos manuais no WhatsApp por catálogo corporativo com faturamento PJ e tabela de atacado.,+555436984265,"https://www.google.com.br/maps/dir//Reinste+Bier+Cervejas+Artesanais+-+Estrada+Municipal,+Acesso+p%2F+%C3%81gua+Azul,+1550,+Caxias+do+Sul+-+RS,+95130-000/@-29.2130117,-51.0179268,17z/data=!4m9!4m8!1m0!1m5!1m1!1s0x951eb98d54efc697:0xaf6e4945b67bd913!2m2!1d-51.0157381!2d-29.2130117!3e0",@famigliadaneluz,💤 Baixa / Esporádica (Apenas institucional),https://www.guiadecaxiasdosul.com/empresa/turismo-rural-e-compras-direto-do-produtor/famiglia-daneluz-2740
74,Famíglia Mazzochi Frutas,Turismo Rural & Direto Produtor,Rural / Interior,comunidade de São Roque,"Estrada Municipal Fermino Bosardi, comunidade de São Roque, Distrito de Fazenda ",🔴 Sem Site (100% Guia),,4.9,425,🔥 Alto (>300),Onira Pro (Catálogo B2B / Atacado),🔴 Fit Crítico,Venda direta e distribuição de produtos coloniais em atacado para empórios e restaurantes; necessita de catálogo digital B2B com tabela PJ.,Substituir pedidos manuais no WhatsApp por catálogo corporativo com faturamento PJ e tabela de atacado.,+5554981329383,"https://www.google.com.br/maps/dir//-29.129441,-50.9981486/@-29.1295383,-50.9992155,232m/data=!3m1!1e3!4m2!4m1!3e0",@famgliamazzochifruta,⚡ Média (Stories periódicos / Link bio),https://www.guiadecaxiasdosul.com/empresa/turismo-rural-e-compras-direto-do-produtor/famiglia-mazzochi-frutas-2771
75,Família Dallegrave - Turismo Rural,Turismo Rural & Direto Produtor,Rural / Interior,Vila Cristina,"Endereço: Cerro da Glória, Distrito de Vila Cristina, Caxias do Sul.",🔴 Sem Site (100% Guia),,4.5,89,⚡ Médio (50-300),Onira Pro (Catálogo B2B / Atacado),🔴 Fit Crítico,Venda direta e distribuição de produtos coloniais em atacado para empórios e restaurantes; necessita de catálogo digital B2B com tabela PJ.,Substituir pedidos manuais no WhatsApp por catálogo corporativo com faturamento PJ e tabela de atacado.,+5554981332163,"https://www.google.com.br/maps/dir//Caxias+do+Sul,+Rio+Grande+do+Sul/@-29.3279388,-51.2196569,531m/data=!3m1!1e3!4m8!4m7!1m0!1m5!1m1!1s0x951eafaa11ece325:0x5e6c36ee3d7bfd33!2m2!1d-51.2205768!2d-29.3282485",@famliadallegraveturi,🔥 Alta (Feed semanal + Stories diários),https://www.guiadecaxiasdosul.com/empresa/turismo-rural-e-compras-direto-do-produtor/familia-dallegrave-turismo-rural-2890
76,Família Manfro,Turismo Rural & Direto Produtor,Rural / Interior,Galópolis,"4ª Légua, Galópolis",🔴 Sem Site (100% Guia),,4.8,187,⚡ Médio (50-300),Onira Pro (Catálogo B2B / Atacado),🔴 Fit Crítico,Venda direta e distribuição de produtos coloniais em atacado para empórios e restaurantes; necessita de catálogo digital B2B com tabela PJ.,Substituir pedidos manuais no WhatsApp por catálogo corporativo com faturamento PJ e tabela de atacado.,+555499947868,https://www.google.com.br/maps/place/29%C2%B015,@famliamanfro,⚡ Média (Stories periódicos / Link bio),https://www.guiadecaxiasdosul.com/empresa/turismo-rural-e-compras-direto-do-produtor/familia-manfro-3161
77,Família Sartor - Alimentos Direto do Produtor,Turismo Rural & Direto Produtor,Rural / Interior,Distritos / Interior,"Localizado  na Estrada Municipal Água Azul, 550  - Distrito de Santa Lúcia do Pi",🔴 Sem Site (100% Guia),,4.8,294,⚡ Médio (50-300),Onira Pro (Catálogo B2B / Atacado),🔴 Fit Crítico,Venda direta e distribuição de produtos coloniais em atacado para empórios e restaurantes; necessita de catálogo digital B2B com tabela PJ.,Substituir pedidos manuais no WhatsApp por catálogo corporativo com faturamento PJ e tabela de atacado.,Não informado,"https://www.google.com.br/maps/dir///@-29.2251805,-51.0200937,259m/data=!3m1!1e3!4m2!4m1!3e0",@famliasartoralimento,💤 Baixa / Esporádica (Apenas institucional),https://www.guiadecaxiasdosul.com/empresa/turismo-rural-e-compras-direto-do-produtor/familia-sartor-alimentos-direto-do-produtor-2745
78,Frutas Dallegrave,Turismo Rural & Direto Produtor,Rural / Interior,Distritos / Interior,Não informado,🔴 Sem Site (100% Guia),,4.7,113,⚡ Médio (50-300),Onira Pro (Catálogo B2B / Atacado),🔴 Fit Crítico,Venda direta e distribuição de produtos coloniais em atacado para empórios e restaurantes; necessita de catálogo digital B2B com tabela PJ.,Substituir pedidos manuais no WhatsApp por catálogo corporativo com faturamento PJ e tabela de atacado.,+5554984064629,"https://www.google.com.br/maps/dir//Caxias+do+Sul,+RS/@-29.2921707,-51.2338211,410m/data=!3m1!1e3!4m9!4m8!1m0!1m5!1m1!1s0x951ea58f3fc9b4ed:0x91646c2011e7f378!2m2!1d-51.2332099!2d-29.291243!3e0",@frutasdallegrave,⚡ Média (Stories periódicos / Link bio),https://www.guiadecaxiasdosul.com/empresa/turismo-rural-e-compras-direto-do-produtor/frutas-dallegrave-3092
79,Frutas Potter,Turismo Rural & Direto Produtor,Rural / Interior,Vila Cristina,"Endereço: Estrada Municipal do Vinho, Vila Cristina",🔴 Sem Site (100% Guia),,4.6,117,⚡ Médio (50-300),Onira Pro (Catálogo B2B / Atacado),🔴 Fit Crítico,Venda direta e distribuição de produtos coloniais em atacado para empórios e restaurantes; necessita de catálogo digital B2B com tabela PJ.,Substituir pedidos manuais no WhatsApp por catálogo corporativo com faturamento PJ e tabela de atacado.,Não informado,"https://www.google.com.br/maps/dir//-29.310682,-51.183402/@-29.3106808,-51.1839505,196m/data=!3m1!1e3",@frutaspotter,💤 Baixa / Esporádica (Apenas institucional),https://www.guiadecaxiasdosul.com/empresa/turismo-rural-e-compras-direto-do-produtor/frutas-potter-2826
80,Galpão da Ivete,Turismo Rural & Direto Produtor,Rural / Interior,Ana Rech,"Travessão Gavioli, 583, São  Valentin de Ana Rech",🔴 Sem Site (100% Guia),,4.7,433,🔥 Alto (>300),Onira Pro (Catálogo B2B / Atacado),🔴 Fit Crítico,Venda direta e distribuição de produtos coloniais em atacado para empórios e restaurantes; necessita de catálogo digital B2B com tabela PJ.,Substituir pedidos manuais no WhatsApp por catálogo corporativo com faturamento PJ e tabela de atacado.,+5554999996073,"https://www.google.com.br/maps/dir//-29.056765,-51.118232/@-29.0567603,-51.1208069,17z",@galpodaivete,🔥 Alta (Feed semanal + Stories diários),https://www.guiadecaxiasdosul.com/empresa/turismo-rural-e-compras-direto-do-produtor/galpao-da-ivete-3133
81,Granja Gipan,Turismo Rural & Direto Produtor,Rural / Interior,Galópolis,"Rua Travessão Solferino, 5ª Légua - Galópolis, Caxias do Sul - Área Rural",🔴 Sem Site (100% Guia),,4.9,35,💤 Baixo (<50),Onira Pro (Catálogo B2B / Atacado),🔴 Fit Crítico,Venda direta e distribuição de produtos coloniais em atacado para empórios e restaurantes; necessita de catálogo digital B2B com tabela PJ.,Substituir pedidos manuais no WhatsApp por catálogo corporativo com faturamento PJ e tabela de atacado.,+5554996220663,"https://www.google.com/maps/dir//-29.2220833,-51.1437778/@-29.2224051,-51.1440169,214m/data=!3m1!1e3!4m2!4m1!3e0?hl=pt-BR",@granjagipan,💤 Baixa / Esporádica (Apenas institucional),https://www.guiadecaxiasdosul.com/empresa/turismo-rural-e-compras-direto-do-produtor/granja-gipan-1775
82,Hidrofert Produtos Hidropônicos e Mini Processados,Turismo Rural & Direto Produtor,Rural / Interior,3ª Légua,"Estrada Pedro Fim 510, 3ª Légua, Caxias do Sul.",⚠️ Site Fora do Ar (404/SSL),https://hidrofert.com.br/,4.7,285,⚡ Médio (50-300),Onira Pro (Catálogo B2B / Atacado),🔴 Fit Crítico,Venda direta e distribuição de produtos coloniais em atacado para empórios e restaurantes; necessita de catálogo digital B2B com tabela PJ.,Substituir pedidos manuais no WhatsApp por catálogo corporativo com faturamento PJ e tabela de atacado.,+5554991646239,"https://www.google.com.br/maps/dir//-29.2517635,-51.2023168/@-29.2516095,-51.2027729,196m/data=!3m1!1e3!4m2!4m1!3e0",@hidrofertprodutoshid,⚡ Média (Stories periódicos / Link bio),https://www.guiadecaxiasdosul.com/empresa/turismo-rural-e-compras-direto-do-produtor/hidrofert-produtos-hidroponicos-e-mini-processados-3068
83,La Casa Nostra Produtos Coloniais,Turismo Rural & Direto Produtor,Rural / Interior,Galópolis,"Rua José Bolfe, 2333, Localidade da Terceira Légua, Galópolis",🔴 Sem Site (100% Guia),,4.4,220,⚡ Médio (50-300),Onira Pro (Catálogo B2B / Atacado),🔴 Fit Crítico,Venda direta e distribuição de produtos coloniais em atacado para empórios e restaurantes; necessita de catálogo digital B2B com tabela PJ.,Substituir pedidos manuais no WhatsApp por catálogo corporativo com faturamento PJ e tabela de atacado.,+5554992097044,"https://www.google.com/maps/dir//-29.2336656,-51.1817398/@-29.2341274,-51.1813628,149m/data=!3m1!1e3!4m2!4m1!3e0",@lacasanostraprodutos,💤 Baixa / Esporádica (Apenas institucional),https://www.guiadecaxiasdosul.com/empresa/turismo-rural-e-compras-direto-do-produtor/la-casa-nostra-produtos-coloniais-2957
84,Mais Sabor - Massas e Biscoitos Artesanais,Turismo Rural & Direto Produtor,Rural / Interior,Distritos / Interior,Não informado,🔴 Sem Site (100% Guia),,4.8,460,🔥 Alto (>300),Onira Pro (Catálogo B2B / Atacado),🔴 Fit Crítico,Venda direta e distribuição de produtos coloniais em atacado para empórios e restaurantes; necessita de catálogo digital B2B com tabela PJ.,Substituir pedidos manuais no WhatsApp por catálogo corporativo com faturamento PJ e tabela de atacado.,+5554999065086,"https://www.google.com.br/maps/dir//Massas+Mais+Sabor+-+S%C3%A3o+Valentim+da+sexta+l%C3%A9gua+-+Cruzeiro,+Caxias+do+Sul+-+RS,+95000-001/@-29.1893831,-51.1095548,150m/data=!3m1!1e3!4m8!4m7!1m0!1m5!1m1!1s0x951ebbbc43190623:0x6018d050b3354b78!2m2!1d-51.109712!2d-29.1891219",@maissabormassasebisc,⚡ Média (Stories periódicos / Link bio),https://www.guiadecaxiasdosul.com/empresa/turismo-rural-e-compras-direto-do-produtor/mais-sabor-massas-e-biscoitos-artesanais-3119
85,Mel de Santa Lúcia do Piaí.,Turismo Rural & Direto Produtor,Rural / Interior,Santa Lúcia do Piaí,Mel de Santa Lúcia do Piaí. - Serviço - Guia de Caxias do Sul,🔴 Sem Site (100% Guia),,4.8,157,⚡ Médio (50-300),Onira Pro (Catálogo B2B / Atacado),🔴 Fit Crítico,Venda direta e distribuição de produtos coloniais em atacado para empórios e restaurantes; necessita de catálogo digital B2B com tabela PJ.,Substituir pedidos manuais no WhatsApp por catálogo corporativo com faturamento PJ e tabela de atacado.,Não informado,https://www.google.com/maps/search/?api=1&query=Mel+de+Santa+Lúcia+do+Piaí.+Caxias+do+Sul,@meldesantalciadopia,🔥 Alta (Feed semanal + Stories diários),https://www.guiadecaxiasdosul.com/empresa/turismo-rural-e-compras-direto-do-produtor/mel-de-santa-lucia-do-piai-2858
86,Mirtilo  Canto do Sabiá,Turismo Rural & Direto Produtor,Rural / Interior,Forqueta,Forqueta,🔴 Sem Site (100% Guia),,4.4,325,🔥 Alto (>300),Onira Pro (Catálogo B2B / Atacado),🔴 Fit Crítico,Venda direta e distribuição de produtos coloniais em atacado para empórios e restaurantes; necessita de catálogo digital B2B com tabela PJ.,Substituir pedidos manuais no WhatsApp por catálogo corporativo com faturamento PJ e tabela de atacado.,+5554999432349,https://www.google.com/maps/search/?api=1&query=Mirtilo++Canto+do+Sabiá+Caxias+do+Sul,@mirtilocantodosabi,⚡ Média (Stories periódicos / Link bio),https://www.guiadecaxiasdosul.com/empresa/turismo-rural-e-compras-direto-do-produtor/mirtilo-canto-do-sabia-2989
87,Morangos Ascari,Turismo Rural & Direto Produtor,Rural / Interior,Criúva,Endereço: Estrada Munícipal Jacob Quissini - Marmeleiro - Criúva,🔴 Sem Site (100% Guia),,4.9,78,⚡ Médio (50-300),Onira Pro (Catálogo B2B / Atacado),🔴 Fit Crítico,Venda direta e distribuição de produtos coloniais em atacado para empórios e restaurantes; necessita de catálogo digital B2B com tabela PJ.,Substituir pedidos manuais no WhatsApp por catálogo corporativo com faturamento PJ e tabela de atacado.,Não informado,"https://www.google.com.br/maps/dir//Caxias+do+Sul,+Rio+Grande+do+Sul/@-28.9368809,-50.9994135,538m/data=!3m1!1e3!4m8!4m7!1m0!1m5!1m1!1s0x951e9560e4fda1b1:0x393a9bca1f444cc6!2m2!1d-51.1814699!2d-29.1638486",@morangosascari,💤 Baixa / Esporádica (Apenas institucional),https://www.guiadecaxiasdosul.com/empresa/turismo-rural-e-compras-direto-do-produtor/morangos-ascari-2844
88,Morangos e Mirtilos Gilmar e Beatriz Viganó,Turismo Rural & Direto Produtor,Rural / Interior,Vila Oliva,"Gilmar Viganó foi o pioneiro no cultivo de mirtilos em Vila Oliva, em 2005. Come",🔴 Sem Site (100% Guia),,4.8,452,🔥 Alto (>300),Onira Pro (Catálogo B2B / Atacado),🔴 Fit Crítico,Venda direta e distribuição de produtos coloniais em atacado para empórios e restaurantes; necessita de catálogo digital B2B com tabela PJ.,Substituir pedidos manuais no WhatsApp por catálogo corporativo com faturamento PJ e tabela de atacado.,Não informado,"https://www.google.com.br/maps/dir//Caxias+do+Sul,+Rio+Grande+do+Sul/@-29.249658,-50.9417218,584m/data=!3m1!1e3!4m9!4m8!1m0!1m5!1m1!1s0x951ec93b97761471:0x99d42954d04522f2!2m2!1d-50.9434185!2d-29.2497343!3e0",@morangosemirtilosgil,⚡ Média (Stories periódicos / Link bio),https://www.guiadecaxiasdosul.com/empresa/turismo-rural-e-compras-direto-do-produtor/morangos-e-mirtilos-gilmar-e-beatriz-vigano-2808
89,Morangos Guerra,Turismo Rural & Direto Produtor,Rural / Interior,Forqueta,Morangos Guerra vende frutas selecionadas e recebe visitantes em Forqueta       ,🔴 Sem Site (100% Guia),,4.4,424,🔥 Alto (>300),Onira Pro (Catálogo B2B / Atacado),🔴 Fit Crítico,Venda direta e distribuição de produtos coloniais em atacado para empórios e restaurantes; necessita de catálogo digital B2B com tabela PJ.,Substituir pedidos manuais no WhatsApp por catálogo corporativo com faturamento PJ e tabela de atacado.,+5554991067676,"https://www.google.com.br/maps/dir//Forqueta,+Caxias+do+Sul+-+RS/@-29.224332,-51.2887292,288m/data=!3m1!1e3!4m9!4m8!1m0!1m5!1m1!1s0x951ea2331d128753:0x75ee121c18fb3df3!2m2!1d-51.2710362!2d-29.2094643!3e0",@morangosguerra,💤 Baixa / Esporádica (Apenas institucional),https://www.guiadecaxiasdosul.com/empresa/turismo-rural-e-compras-direto-do-produtor/morangos-guerra-2987
90,Novelo & Filhos -  Frutas e Hortaliças,Turismo Rural & Direto Produtor,Rural / Interior,Vila Oliva,"Endereço: Estrada Municipal Fermino Frizzo, Flor do Campo - Vila Oliva (estrada ",🔴 Sem Site (100% Guia),,4.7,99,⚡ Médio (50-300),Onira Pro (Catálogo B2B / Atacado),🔴 Fit Crítico,Venda direta e distribuição de produtos coloniais em atacado para empórios e restaurantes; necessita de catálogo digital B2B com tabela PJ.,Substituir pedidos manuais no WhatsApp por catálogo corporativo com faturamento PJ e tabela de atacado.,Não informado,"https://www.google.com.br/maps/dir//-29.227988,-50.9314/@-29.2279868,-50.9319485,197m/data=!3m1!1e3",@novelofilhosfrutaseh,🔥 Alta (Feed semanal + Stories diários),https://www.guiadecaxiasdosul.com/empresa/turismo-rural-e-compras-direto-do-produtor/novelo-filhos-frutas-e-hortalicas-2828
91,Orquidário Do Vale - Entre os Maior do Sul do País,Turismo Rural & Direto Produtor,Rural / Interior,Vila Cristina,"Endereço Matriz: RS 452, KM 25 - Nova Palmira, Distrito de Vila Cristina.",🔴 Sem Site (100% Guia),,4.5,278,⚡ Médio (50-300),Onira Pro (Catálogo B2B / Atacado),🔴 Fit Crítico,Venda direta e distribuição de produtos coloniais em atacado para empórios e restaurantes; necessita de catálogo digital B2B com tabela PJ.,Substituir pedidos manuais no WhatsApp por catálogo corporativo com faturamento PJ e tabela de atacado.,Não informado,"https://www.google.com.br/maps/dir//Orquid%C3%A1rio+do+Vale+-+Matriz+-+RS+452+KM+25,+Caxias+do+Sul+-+RS,+95124-010/@-29.3289575,-51.1852109,18.92z/data=!4m8!4m7!1m0!1m5!1m1!1s0x951eafcce91199c1:0x3476bdf9435e9dad!2m2!1d-51.1854858!2d-29.3286895",@orquidriodovaleentre,💤 Baixa / Esporádica (Apenas institucional),https://www.guiadecaxiasdosul.com/empresa/turismo-rural-e-compras-direto-do-produtor/orquidario-do-vale-entre-os-maior-do-sul-do-pais-2789
92,Orquidário e Pitayas Pebi,Turismo Rural & Direto Produtor,Rural / Interior,Distritos / Interior,Estrada do Imigrante - Localidade da Terceira Légua,⚠️ Site Fora do Ar (404/SSL),https://orquidario-pebi.negocio.site/,4.9,119,⚡ Médio (50-300),Onira Pro (Catálogo B2B / Atacado),🔴 Fit Crítico,Venda direta e distribuição de produtos coloniais em atacado para empórios e restaurantes; necessita de catálogo digital B2B com tabela PJ.,Substituir pedidos manuais no WhatsApp por catálogo corporativo com faturamento PJ e tabela de atacado.,+5554999291646,"https://www.google.com.br/maps/dir//Orquidario+P%C3%A9bi,+P%C3%B3rtico+da+Terceira+L%C3%A9gua+-+Estrada+do+Imigrante+-+sao+pedro,+Caxias+do+Sul+-+RS,+95118-000/@-29.2661468,-51.1941113,164m/data=!3m1!1e3!4m9!4m8!1m0!1m5!1m1!1s0x951ea5473c03c783:0x5349e624a00acb36!2m2!1d-51.1941096!2d-29.2661673!3e0",@orquidrioepitayaspeb,⚡ Média (Stories periódicos / Link bio),https://www.guiadecaxiasdosul.com/empresa/turismo-rural-e-compras-direto-do-produtor/orquidario-e-pitayas-pebi-2963
93,Primavita Mudas,Turismo Rural & Direto Produtor,Rural / Interior,Vila Cristina,Linha Sebastopol - Distrito de Vila Cristina,🔴 Sem Site (100% Guia),,4.5,345,🔥 Alto (>300),Onira Pro (Catálogo B2B / Atacado),🔴 Fit Crítico,Venda direta e distribuição de produtos coloniais em atacado para empórios e restaurantes; necessita de catálogo digital B2B com tabela PJ.,Substituir pedidos manuais no WhatsApp por catálogo corporativo com faturamento PJ e tabela de atacado.,+5554996748535,"https://www.google.com.br/maps/dir//-29.307379,-51.121109/@-29.307379,-51.1217527,271m/data=!3m1!1e3!4m8!1m5!3m4!2zMjnCsDE4JzI2LjYiUyA1McKwMDcnMTYuMCJX!8m2!3d-29.307379!4d-51.121109!4m1!3e2?entry=ttu",@primavitamudas,💤 Baixa / Esporádica (Apenas institucional),https://www.guiadecaxiasdosul.com/empresa/turismo-rural-e-compras-direto-do-produtor/primavita-mudas-3194
94,Rancho Morro Alto,Turismo Rural & Direto Produtor,Rural / Interior,Criúva,São Jorge da Mulada - Criúva,🔴 Sem Site (100% Guia),,4.6,143,⚡ Médio (50-300),Onira Pro (Catálogo B2B / Atacado),🔴 Fit Crítico,Venda direta e distribuição de produtos coloniais em atacado para empórios e restaurantes; necessita de catálogo digital B2B com tabela PJ.,Substituir pedidos manuais no WhatsApp por catálogo corporativo com faturamento PJ e tabela de atacado.,Não informado,https://www.google.com/maps/place/28%C2%B053,@ranchomorroalto,⚡ Média (Stories periódicos / Link bio),https://www.guiadecaxiasdosul.com/empresa/turismo-rural-e-compras-direto-do-produtor/rancho-morro-alto-2849
95,Sabor Vale da Benção alimentos direto do produtor e hospedagem,Turismo Rural & Direto Produtor,Rural / Interior,Vila Oliva,"Localização: Flor do Campo, 398 - Distrito de Vila Oliva",🔴 Sem Site (100% Guia),,4.9,421,🔥 Alto (>300),Onira Pro (Catálogo B2B / Atacado),🔴 Fit Crítico,Venda direta e distribuição de produtos coloniais em atacado para empórios e restaurantes; necessita de catálogo digital B2B com tabela PJ.,Substituir pedidos manuais no WhatsApp por catálogo corporativo com faturamento PJ e tabela de atacado.,Não informado,"https://www.google.com/maps/dir//-29.2275741,-50.9156875/@-29.2276191,-50.9170418,17.78z?hl=pt-BR",@saborvaledabenoalime,🔥 Alta (Feed semanal + Stories diários),https://www.guiadecaxiasdosul.com/empresa/turismo-rural-e-compras-direto-do-produtor/sabor-vale-da-bencao-alimentos-direto-do-produtor-e-hospedagem-2751
96,Santini Frutas Selecionadas,Turismo Rural & Direto Produtor,Rural / Interior,Forqueta,"Estrada da Uva 11.577, São Valentin, Segunda Légua, Forqueta",🔴 Sem Site (100% Guia),,4.8,137,⚡ Médio (50-300),Onira Pro (Catálogo B2B / Atacado),🔴 Fit Crítico,Venda direta e distribuição de produtos coloniais em atacado para empórios e restaurantes; necessita de catálogo digital B2B com tabela PJ.,Substituir pedidos manuais no WhatsApp por catálogo corporativo com faturamento PJ e tabela de atacado.,+555432068069,"https://www.google.com.br/maps/dir//-29.3046928,-51.2378043/@-29.3045022,-51.2380499,382m/data=!3m1!1e3!4m2!4m1!3e0",@santinifrutasselecio,⚡ Média (Stories periódicos / Link bio),https://www.guiadecaxiasdosul.com/empresa/turismo-rural-e-compras-direto-do-produtor/santini-frutas-selecionadas-3093
97,Vinhos Casa Guerra,Turismo Rural & Direto Produtor,Rural / Interior,Distritos / Interior,Não informado,🔴 Sem Site (100% Guia),,4.8,239,⚡ Médio (50-300),Onira Pro (Catálogo B2B / Atacado),🔴 Fit Crítico,Venda direta e distribuição de produtos coloniais em atacado para empórios e restaurantes; necessita de catálogo digital B2B com tabela PJ.,Substituir pedidos manuais no WhatsApp por catálogo corporativo com faturamento PJ e tabela de atacado.,+5554999117553,"https://www.google.com/maps/dir//Vinhos+Casa+Guerra+-+Estr.+Cerro+da+Gl%C3%B3ria,+140+-+Vila+Cristina,+Caxias+do+Sul+-+RS,+95124-010/@-29.3263695,-51.2183676,164m/data=!3m1!1e3!4m16!1m7!3m6!1s0x951eb11bce2f4e29:0xfdf92fc5285d4636!2sVinhos+Casa+Guerra!8m2!3d-29.3262708!4d-51.2179409!16s%2Fg%2F11zb1r9gdy!4m7!1m0!1m5!1m1!1s0x951eb11bce2f4e29:0xfdf92fc5285d4636!2m2!1d-51.2179409!2d-29.3262708?entry=ttu&g_ep=EgoyMDI2MDgzMS4wIKXMDSoASAFQAw%3D%3D",@vinhoscasaguerra,💤 Baixa / Esporádica (Apenas institucional),https://www.guiadecaxiasdosul.com/empresa/turismo-rural-e-compras-direto-do-produtor/vinhos-casa-guerra-3098
98,Casa Motter,"Vinhos, Sucos e Espumantes",Rural / Interior,Distritos / Interior,"Estrada Municipal do Vinho, 800 - Caravaggio 3ª Légua. * Caxias do Sul - RS",⚠️ Site Fora do Ar (404/SSL),http://casamotter.com.br/int/products-page/,4.9,367,🔥 Alto (>300),Onira Vouchers (Degustação & Split Pix),🔴 Fit Crítico,Enoturismo rural dependente de reservas antecipadas; alto valor agregado por pessoa (R$ 80 a R$ 180) com split automático de 10% no Guia.,"Vender vouchers de degustação harmonizada antecipada pelo Guia e canal próprio, eliminando no-show.",Não informado,"https://www.google.com/maps/dir//Vin%C3%ADcola+Casa+Motter+-+Estr.+Mun.+do+Vinho,+800+-+Terceira+L%C3%A9gua,+Caxias+do+Sul+-+RS,+95095-101/@-29.2791612,-51.2130142,15z/data=!4m9!4m8!1m0!1m5!1m1!1s0x951ea5705bc0a2df:0xb44e9ff066bd3ce7!2m2!1d-51.2130142!2d-29.2791612!3e0",@casamotter,⚡ Média (Stories periódicos / Link bio),https://www.guiadecaxiasdosul.com/empresa/vinhos-sucos-e-espumantes/casa-motter-1016
99,"Granja do Vale Vinhos, Espumantes, Sucos e Uvas","Vinhos, Sucos e Espumantes",Rural / Interior,Nossa Senhora da Saúde,"Endereço: Estrada Vereador Ari Antônio Bergozza, 1450, Nossa Senhora da Saúde, C",⚠️ Site Fora do Ar (404/SSL),https://www.vinicolazanrosso.com.br/,4.6,299,⚡ Médio (50-300),Onira Vouchers (Degustação & Split Pix),🔴 Fit Crítico,Enoturismo rural dependente de reservas antecipadas; alto valor agregado por pessoa (R$ 80 a R$ 180) com split automático de 10% no Guia.,"Vender vouchers de degustação harmonizada antecipada pelo Guia e canal próprio, eliminando no-show.",+5554999494493,"https://www.google.com/maps/dir//Estr.+Ver.+Ari+Ant%C3%B4nio+Bergoza,+1450,+Caxias+do+Sul+-+RS,+95044-030/@-29.1216007,-51.2029735,752m/data=!3m1!1e3!4m9!4m8!1m0!1m5!1m1!1s0x951e987329bfc94d:0xacd75128494dd2ad!2m2!1d-51.2007848!2d-29.1216007!3e0",@granjadovalevinhoses,💤 Baixa / Esporádica (Apenas institucional),https://www.guiadecaxiasdosul.com/empresa/vinhos-sucos-e-espumantes/granja-do-vale-vinhos-espumantes-sucos-e-uvas-1777
100,Hugo Pietro,"Vinhos, Sucos e Espumantes",Rural / Interior,Galópolis,"Estrada São João da 4ª Légua, s/nº, Caixa Postal 4028 -  Bairro Galópolis. * Cax",🟢 Site Ativo (200),https://www.hugopietro.com.br/,4.6,161,⚡ Médio (50-300),Onira Vouchers (Degustação & Split Pix),🟡 Fit Alto,Enoturismo rural dependente de reservas antecipadas; alto valor agregado por pessoa (R$ 80 a R$ 180) com split automático de 10% no Guia.,"Vender vouchers de degustação harmonizada antecipada pelo Guia e canal próprio, eliminando no-show.",+5554991056351,"https://www.google.com/maps/dir//Hugo+Pietro+-+Estrada+S%C3%A3o+Jo%C3%A3o+da+4%C2%AA+L%C3%A9gua+-+Gal%C3%B3polis,+RS,+95090-970/@-29.252013,-51.1366677,15z/data=!4m8!4m7!1m0!1m5!1m1!1s0x951ebcd32cdf8209:0xd056453dbceb6770!2m2!1d-51.127913!2d-29.252013",@hugopietro,🔥 Alta (Feed semanal + Stories diários),https://www.guiadecaxiasdosul.com/empresa/vinhos-sucos-e-espumantes/hugo-pietro-1560
101,Petronius Beverages by Authors Bebidas Premium,"Vinhos, Sucos e Espumantes",Rural / Interior,Forqueta,"Estrada da Uva, 11.753 - Bairro São Valentin da 2ª Légua, Forqueta (Zona Rural) ",🟢 Site Ativo (200),https://petronius.store/,4.5,208,⚡ Médio (50-300),Onira Vouchers (Degustação & Split Pix),🟡 Fit Alto,Enoturismo rural dependente de reservas antecipadas; alto valor agregado por pessoa (R$ 80 a R$ 180) com split automático de 10% no Guia.,"Vender vouchers de degustação harmonizada antecipada pelo Guia e canal próprio, eliminando no-show.",+555432068190,"https://www.google.com/maps/dir//-29.306597,-51.238334/@-29.3065923,-51.2405227,17z/data=!4m2!4m1!3e0",@petroniusbeveragesby,💤 Baixa / Esporádica (Apenas institucional),https://www.guiadecaxiasdosul.com/empresa/vinhos-sucos-e-espumantes/petronius-beverages-by-authors-bebidas-premium-1481
102,Terraoro Vinhos,"Vinhos, Sucos e Espumantes",Rural / Interior,Criúva,"Vinícola Terraoro, em Criúva, reverencia a história da família Rampazzo         ",🔴 Sem Site (100% Guia),,4.4,318,🔥 Alto (>300),Onira Vouchers (Degustação & Split Pix),🔴 Fit Crítico,Enoturismo rural dependente de reservas antecipadas; alto valor agregado por pessoa (R$ 80 a R$ 180) com split automático de 10% no Guia.,"Vender vouchers de degustação harmonizada antecipada pelo Guia e canal próprio, eliminando no-show.",+5554981158545,"https://www.google.com/maps/dir//Terraoro+Vinhos+-+Estr.+Mun.+Felisberto+Castilhos+dos+Reis+Sobrinho,+501+-+Cri%C3%BAva,+Caxias+do+Sul+-+RS,+95001-970/@-29.007666,-50.8346466,15z/data=!4m17!1m7!3m6!1s0x951edd84f698283b:0x421633fe8104b260!2sTerraoro+Vinhos!8m2!3d-29.007666!4d-50.8346466!16s%2Fg%2F11pdgrggbd!4m8!1m0!1m5!1m1!1s0x951edd84f698283b:0x421633fe8104b260!2m2!1d-50.8346466!2d-29.007666!3e2?entry=ttu",@terraorovinhos,⚡ Média (Stories periódicos / Link bio),https://www.guiadecaxiasdosul.com/empresa/vinhos-sucos-e-espumantes/terraoro-vinhos-3193
103,Vinhos Emoção e Cantina Milani Produtos Coloniais,"Vinhos, Sucos e Espumantes",Rural / Interior,Distritos / Interior,"Estrada  do Imigrante - Rua Júlio Calegari, 3700 - Bairro Esplanada. * Caxias do",🔴 Sem Site (100% Guia),,4.5,147,⚡ Médio (50-300),Onira Vouchers (Degustação & Split Pix),🔴 Fit Crítico,Enoturismo rural dependente de reservas antecipadas; alto valor agregado por pessoa (R$ 80 a R$ 180) com split automático de 10% no Guia.,"Vender vouchers de degustação harmonizada antecipada pelo Guia e canal próprio, eliminando no-show.",+5554999362755,"https://www.google.com/maps/dir//Vin%C3%ADcola+Waldemar+Milani+%E2%80%93+Vinhos+Emo%C3%A7%C3%A3o+-+R.+J%C3%BAlio+Calegari,+3700+-+Esplanada,+Caxias+do+Sul+-+RS,+95095-107/@-29.2116174,-51.1974381,17z/data=!4m9!4m8!1m0!1m5!1m1!1s0x951ea4a3df9f8677:0x4370f15a684f192b!2m2!1d-51.1968158!2d-29.211285!3e0",@vinhosemooecantinami,💤 Baixa / Esporádica (Apenas institucional),https://www.guiadecaxiasdosul.com/empresa/vinhos-sucos-e-espumantes/vinhos-emocao-e-cantina-milani-produtos-coloniais-1034
104,Vinhos Tradição,"Vinhos, Sucos e Espumantes",Rural / Interior,Distritos / Interior,Estrada Municipal Valmor Sirtoli 3ª Légua *Caxias do Sul - RS,🟢 Site Ativo (200),http://vinhostradicao.com.br/site/?page_id=801,4.4,397,🔥 Alto (>300),Onira Vouchers (Degustação & Split Pix),🟡 Fit Alto,Enoturismo rural dependente de reservas antecipadas; alto valor agregado por pessoa (R$ 80 a R$ 180) com split automático de 10% no Guia.,"Vender vouchers de degustação harmonizada antecipada pelo Guia e canal próprio, eliminando no-show.",+5554999458204,"https://www.google.com/maps/dir//-29.265925,-51.167794/@-29.2659203,-51.1699827,17z",@vinhostradio,⚡ Média (Stories periódicos / Link bio),https://www.guiadecaxiasdosul.com/empresa/vinhos-sucos-e-espumantes/vinhos-tradicao-441
105,Vinícola Lovatel,"Vinhos, Sucos e Espumantes",Rural / Interior,Distritos / Interior,"Rua Vereador Marcial Pisoni,5.950 - Linha 30",🟢 Site Ativo (200),https://www.vinicolalovatel.com.br/,4.7,152,⚡ Médio (50-300),Onira Vouchers (Degustação & Split Pix),🟡 Fit Alto,Enoturismo rural dependente de reservas antecipadas; alto valor agregado por pessoa (R$ 80 a R$ 180) com split automático de 10% no Guia.,"Vender vouchers de degustação harmonizada antecipada pelo Guia e canal próprio, eliminando no-show.",+555499063387,"https://www.google.com.br/maps/dir//Lovatel+Ind%C3%BAstria+Vin%C3%ADcola+-+Estrada+Municipal+Vereador+Marcial+Pisani+-+5950+-+Nossa+Senhora+da+Sa%C3%BAde+-+Linha+30,+Caxias+do+Sul+-+RS,+95032-300/@-29.1235294,-51.2178858,17z/data=!4m8!4m7!1m0!1m5!1m1!1s0x",@vincolalovatel,🔥 Alta (Feed semanal + Stories diários),https://www.guiadecaxiasdosul.com/empresa/vinhos-sucos-e-espumantes/vinicola-lovatel-766
106,Vinícola Pagliosa,"Vinhos, Sucos e Espumantes",Rural / Interior,Distritos / Interior,Não informado,🟢 Site Ativo (200),https://pagliosavinhos.com.br/,4.4,51,⚡ Médio (50-300),Onira Vouchers (Degustação & Split Pix),🟡 Fit Alto,Enoturismo rural dependente de reservas antecipadas; alto valor agregado por pessoa (R$ 80 a R$ 180) com split automático de 10% no Guia.,"Vender vouchers de degustação harmonizada antecipada pelo Guia e canal próprio, eliminando no-show.",+5554999701681,"https://www.google.com.br/maps/dir//Vin%C3%ADcola+Pagliosa+Vin%C3%ADcola+Pagliosa+-+Estr.+Mun.+do+Vinho,+s%2Fn+-+S%C3%A3o+Pedro+da+Terceira+L%C3%A9gua,+Caxias+do+Sul+-+RS,+95090-970/@-29.20944,-51.2528154,13z/data=!4m8!4m7!1m0!1m5!1m1!1s0x951ebb20384704ed:0xd7a8bc85b8abaa19!2m2!1d-51.2045307!2d-29.2466923",@vincolapagliosa,⚡ Média (Stories periódicos / Link bio),https://www.guiadecaxiasdosul.com/empresa/vinhos-sucos-e-espumantes/vinicola-pagliosa-1820
107,Vinícola Rossato,"Vinhos, Sucos e Espumantes",Rural / Interior,Distritos / Interior,Estrada Municipal São Marcos 400  - Linha Feijó. Caxias do Sul - RS,🟢 Site Ativo (200),https://www.vinhosrossato.com.br/,4.8,71,⚡ Médio (50-300),Onira Vouchers (Degustação & Split Pix),🟡 Fit Alto,Enoturismo rural dependente de reservas antecipadas; alto valor agregado por pessoa (R$ 80 a R$ 180) com split automático de 10% no Guia.,"Vender vouchers de degustação harmonizada antecipada pelo Guia e canal próprio, eliminando no-show.",+5554999719627,"https://www.google.com.br/maps/dir//Vin%C3%ADcola+Rossato+-+Estr.+S%C3%A3o+Marcos+Linha+Feij%C3%B3,+N%C3%BAmero+400+-+S%C3%A3o+Caetano,+Caxias+do+Sul+-+RS,+95095-259/@-29.2169217,-51.2153466,190m/data=!3m1!1e3!4m8!4m7!1m0!1m5!1m1!1s0x951ea4792bf7203d:0x83",@vincolarossato,💤 Baixa / Esporádica (Apenas institucional),https://www.guiadecaxiasdosul.com/empresa/vinhos-sucos-e-espumantes/vinicola-rossato-992
108,Vinícola Santini,"Vinhos, Sucos e Espumantes",Rural / Interior,Vila Cristina," Cerro da Glória, Distrito de Vila Cristina - Caxias do Sul",🟢 Site Ativo (200),https://www.vinicolasantini.com,4.7,177,⚡ Médio (50-300),Onira Vouchers (Degustação & Split Pix),🟡 Fit Alto,Enoturismo rural dependente de reservas antecipadas; alto valor agregado por pessoa (R$ 80 a R$ 180) com split automático de 10% no Guia.,"Vender vouchers de degustação harmonizada antecipada pelo Guia e canal próprio, eliminando no-show.",+5554981122151,"https://www.google.com.br/maps/dir//Vin%C3%ADcola+Santini+-+Estrada+do+Imigrante,+s%2Fn,+Caxias+do+Sul+-+RS,+95124-971/@-29.3134119,-51.2045938,336m/data=!3m1!1e3!4m9!4m8!1m0!1m5!1m1!1s0x951eb038e2eaf2df:0xe99d2c0e9477f2c2!2m2!1d-51.2035324!2d-29.3131513!",@vincolasantini,⚡ Média (Stories periódicos / Link bio),https://www.guiadecaxiasdosul.com/empresa/vinhos-sucos-e-espumantes/vinicola-santini-1950
109,Vinícola Vinha Solo,"Vinhos, Sucos e Espumantes",Rural / Interior,Distritos / Interior,"Estrada Municipal Fermino Bossardi, 5780 - comunidade de São Roque, Distrito de ",🟢 Site Ativo (200),https://youtu.be/5X8L2ruJPTc,4.7,144,⚡ Médio (50-300),Onira Vouchers (Degustação & Split Pix),🟡 Fit Alto,Enoturismo rural dependente de reservas antecipadas; alto valor agregado por pessoa (R$ 80 a R$ 180) com split automático de 10% no Guia.,"Vender vouchers de degustação harmonizada antecipada pelo Guia e canal próprio, eliminando no-show.",+5554999758800,"https://www.google.com.br/maps/dir//Vinha+Solo,+S%C3%A3o+Roque,+s%2Fn%C2%BA,+Caxias+do+Sul+-+RS,+95125-000/@-29.1244024,-50.9630321,328m/data=!3m1!1e3!4m8!4m7!1m0!1m5!1m1!1s0x951ec13feb004da7:0x8f23b3bc3015f180!2m2!1d-50.9628765!2d-29.1246832",@vincolavinhasolo,💤 Baixa / Esporádica (Apenas institucional),https://www.guiadecaxiasdosul.com/empresa/vinhos-sucos-e-espumantes/vinicola-vinha-solo-1963
110,Vinhos Dom Dionysius/Vinícola Conceição - Donner Cervejaria,"Vinhos, Sucos e Espumantes",Rural / Interior,Distritos / Interior,Não informado,🔴 Sem Site (100% Guia),www.vinhosdionysius.com.br,4.7,405,🔥 Alto (>300),Onira Vouchers (Degustação & Split Pix),🔴 Fit Crítico,Enoturismo rural dependente de reservas antecipadas; alto valor agregado por pessoa (R$ 80 a R$ 180) com split automático de 10% no Guia.,"Vender vouchers de degustação harmonizada antecipada pelo Guia e canal próprio, eliminando no-show.",+5554999237917,"https://www.google.com.br/maps/dir//Vin%C3%ADcola+Concei%C3%A7%C3%A3o+Ltda+-+Av.+Concei%C3%A7%C3%A3o,+1530+-+Desvio+Rizzo,+Caxias+do+Sul+-+RS,+95110-310/@-29.216756,-51.2306734,203m/data=!3m1!1e3!4m8!4m7!1m0!1m5!1m1!1s0x951ea387eb7d46bb:0x2da9b9086e790453",@vinhosdomdionysiusvi,🔥 Alta (Feed semanal + Stories diários),https://www.guiadecaxiasdosul.com/empresa/vinhos-sucos-e-espumantes/vinhos-dom-dionysiusvinicola-conceicao-donner-cervejaria-1022
111,Cantina Bertotti,"Vinhos, Sucos e Espumantes",Rural / Interior,Forqueta,"Na região de Forqueta que a Família Bertotti, feirante número um da feira do agr",🔴 Sem Site (100% Guia),,4.9,327,🔥 Alto (>300),Onira Vouchers (Degustação & Split Pix),🔴 Fit Crítico,Enoturismo rural dependente de reservas antecipadas; alto valor agregado por pessoa (R$ 80 a R$ 180) com split automático de 10% no Guia.,"Vender vouchers de degustação harmonizada antecipada pelo Guia e canal próprio, eliminando no-show.",+5554991808586,https://www.google.com/maps/search/?api=1&query=Cantina+Bertotti+Caxias+do+Sul,@cantinabertotti,💤 Baixa / Esporádica (Apenas institucional),https://www.guiadecaxiasdosul.com/empresa/vinhos-sucos-e-espumantes/cantina-bertotti-3105
112,Casa Hevian Vinícola,"Vinhos, Sucos e Espumantes",Rural / Interior,Vila Seca,"Estrada Municipal José Catuzzo, 415, Vila Seca",🔴 Sem Site (100% Guia),,4.7,159,⚡ Médio (50-300),Onira Vouchers (Degustação & Split Pix),🔴 Fit Crítico,Enoturismo rural dependente de reservas antecipadas; alto valor agregado por pessoa (R$ 80 a R$ 180) com split automático de 10% no Guia.,"Vender vouchers de degustação harmonizada antecipada pelo Guia e canal próprio, eliminando no-show.",+5554996252355,"https://www.google.com/maps/dir//-29.0610417,-51.0212715/@-29.0611167,-51.0213974,85m/data=!3m1!1e3!4m2!4m1!3e0?entry=ttu&g_ep=EgoyMDI2MDIxMC4wIKXMDSoASAFQAw%3D%3D",@casahevianvincola,⚡ Média (Stories periódicos / Link bio),https://www.guiadecaxiasdosul.com/empresa/vinhos-sucos-e-espumantes/casa-hevian-vinicola-3392
113,Família Longo Vinhos Finos,"Vinhos, Sucos e Espumantes",Rural / Interior,Forqueta,"São Valentin, 2ª Légua, Forqueta",🔴 Sem Site (100% Guia),,4.8,448,🔥 Alto (>300),Onira Vouchers (Degustação & Split Pix),🔴 Fit Crítico,Enoturismo rural dependente de reservas antecipadas; alto valor agregado por pessoa (R$ 80 a R$ 180) com split automático de 10% no Guia.,"Vender vouchers de degustação harmonizada antecipada pelo Guia e canal próprio, eliminando no-show.",+5554999550831,"https://www.google.com/maps/dir//-29.270637,-51.2459989/@-29.270637,-51.2481876,17z/data=!4m2!4m1!3e0?hl=pt-BR",@famlialongovinhosfin,💤 Baixa / Esporádica (Apenas institucional),https://www.guiadecaxiasdosul.com/empresa/vinhos-sucos-e-espumantes/familia-longo-vinhos-finos-3036
114,Quinta Don Bonifácio,"Vinhos, Sucos e Espumantes",Rural / Interior,Galópolis,Galópolis - São Francisco da 4ª Légua,🟢 Site Ativo (200),http://www.quintadonbonifacio.com.br/,4.6,83,⚡ Médio (50-300),Onira Vouchers (Degustação & Split Pix),🟡 Fit Alto,Enoturismo rural dependente de reservas antecipadas; alto valor agregado por pessoa (R$ 80 a R$ 180) com split automático de 10% no Guia.,"Vender vouchers de degustação harmonizada antecipada pelo Guia e canal próprio, eliminando no-show.",+5554991701144,"https://www.google.com.br/maps/dir//Quinta+Don+Bonif%C3%A1cio+-+Estrada+S%C3%A3o+Francisco+s%2Fn+-+Gal%C3%B3polis,+Caxias+do+Sul+-+RS,+95090-141/@-29.22687,-51.1151505,17.1z/data=!4m8!4m7!1m0!1m5!1m1!1s0x951eba39d8f77c67:0x759a48f8a7774f5f!2m2!1d-51.11310",@quintadonbonifcio,⚡ Média (Stories periódicos / Link bio),https://www.guiadecaxiasdosul.com/empresa/vinhos-sucos-e-espumantes/quinta-don-bonifacio-1712
115,Vinho Sabor da Serra,"Vinhos, Sucos e Espumantes",Rural / Interior,Forqueta,"Estrada São José, 900, Capela de São José da Linha Feijó, Região de Forqueta",🔴 Sem Site (100% Guia),,4.4,255,⚡ Médio (50-300),Onira Vouchers (Degustação & Split Pix),🔴 Fit Crítico,Enoturismo rural dependente de reservas antecipadas; alto valor agregado por pessoa (R$ 80 a R$ 180) com split automático de 10% no Guia.,"Vender vouchers de degustação harmonizada antecipada pelo Guia e canal próprio, eliminando no-show.",+5554996710043,"https://www.google.com.br/maps/dir//Vinhos+Sabor+da+Serra+Vinhos+Sabor+da+Serra+-+Estrada+Municipal+S%C3%A3o+Jos%C3%A9+da+Linha,+Estr.+S%C3%A3o+Marcos+Linha+Feij%C3%B3+-+Forqueta,+Caxias+do+Sul+-+RS,+95115-000/@-29.1980769,-51.2805205,12047m/data=!3m1!1e3!4m8!4m7!1m0!1m5!1m1!1s0x951ea36c522440af:0x692a0b8385516478!2m2!1d-51.2539281!2d-29.2192998",@vinhosabordaserra,🔥 Alta (Feed semanal + Stories diários),https://www.guiadecaxiasdosul.com/empresa/vinhos-sucos-e-espumantes/vinho-sabor-da-serra-2955
116,Vinhos Don Giusepp,"Vinhos, Sucos e Espumantes",Rural / Interior,Forqueta,"Estrada Menino Deus, s/nº - Bairro Forqueta. * Caxias do Sul - RS",🟢 Site Ativo (200),http://dongiusepp.com.br/,4.6,245,⚡ Médio (50-300),Onira Vouchers (Degustação & Split Pix),🟡 Fit Alto,Enoturismo rural dependente de reservas antecipadas; alto valor agregado por pessoa (R$ 80 a R$ 180) com split automático de 10% no Guia.,"Vender vouchers de degustação harmonizada antecipada pelo Guia e canal próprio, eliminando no-show.",+555499995772,"https://www.google.com.br/maps/dir//Vinhos+Don+Giusepp+-+Estrada+Menino+Deus,+s%2Fn+-+Forqueta,+Caxias+do+Sul+-+RS,+95046-208/@-29.2583028,-51.2643018,17z/data=!4m9!4m8!1m0!1m5!1m1!1s0x951ea42809efd2a1:0x6f64e88bbecadfd4!2m2!1d-51.2621255!2d-29.2582601!3e0",@vinhosdongiusepp,⚡ Média (Stories periódicos / Link bio),https://www.guiadecaxiasdosul.com/empresa/vinhos-sucos-e-espumantes/vinhos-don-giusepp-1004
117,Vinhos Sartori,"Vinhos, Sucos e Espumantes",Rural / Interior,3ª Légua,"Estrada Municipal Sadi José Sartori, 3ª Légua, Caxias do Sul",🟢 Site Ativo (200),http://vinhossartori.com.br/,4.6,408,🔥 Alto (>300),Onira Vouchers (Degustação & Split Pix),🟡 Fit Alto,Enoturismo rural dependente de reservas antecipadas; alto valor agregado por pessoa (R$ 80 a R$ 180) com split automático de 10% no Guia.,"Vender vouchers de degustação harmonizada antecipada pelo Guia e canal próprio, eliminando no-show.",+5554996427288,"https://www.google.com.br/maps/dir//Caxias+do+Sul,+RS/@-29.2685465,-51.184932,381m/data=!3m1!1e3!4m9!4m8!1m0!1m5!1m1!1s0x951ea54e7ef9c4a5:0x7e29095820c121a6!2m2!1d-51.1849025!2d-29.268622!3e0",@vinhossartori,💤 Baixa / Esporádica (Apenas institucional),https://www.guiadecaxiasdosul.com/empresa/vinhos-sucos-e-espumantes/vinhos-sartori-2956
118,Vinhos Seu Zé | Famiglia Vino,"Vinhos, Sucos e Espumantes",Rural / Interior,Distritos / Interior,Não informado,🔴 Sem Site (100% Guia),,4.4,369,🔥 Alto (>300),Onira Vouchers (Degustação & Split Pix),🔴 Fit Crítico,Enoturismo rural dependente de reservas antecipadas; alto valor agregado por pessoa (R$ 80 a R$ 180) com split automático de 10% no Guia.,"Vender vouchers de degustação harmonizada antecipada pelo Guia e canal próprio, eliminando no-show.",+5554992994551,"https://www.google.com/maps/dir//WXQH%2B7R+Vinhos+Seu+Z%C3%A9+-+Seca,+Caxias+do+Sul+-+RS/@-29.061691,-51.0205028,771m/data=!3m1!1e3!4m9!4m8!1m0!1m5!1m1!1s0x951e95002c3dee5f:0x1a12520cb7b786c9!2m2!1d-51.0204039!2d-29.0618938!3e0?entry=ttu&g_ep=EgoyMDI1MDgyNS4wIKXMDSoASAFQAw%3D%3D",@vinhosseuzfamigliavi,⚡ Média (Stories periódicos / Link bio),https://www.guiadecaxiasdosul.com/empresa/vinhos-sucos-e-espumantes/vinhos-seu-ze-famiglia-vino-3380
119,Vinícola Arbugeri,"Vinhos, Sucos e Espumantes",Rural / Interior,Distritos / Interior,Não informado,⚠️ Site Fora do Ar (404/SSL),https://www.espumantesdosul.com.br/marca/arbugeri,4.9,85,⚡ Médio (50-300),Onira Vouchers (Degustação & Split Pix),🔴 Fit Crítico,Enoturismo rural dependente de reservas antecipadas; alto valor agregado por pessoa (R$ 80 a R$ 180) com split automático de 10% no Guia.,"Vender vouchers de degustação harmonizada antecipada pelo Guia e canal próprio, eliminando no-show.",+555432154393,https://www.google.com/maps/search/?api=1&query=Vinícola+Arbugeri+Caxias+do+Sul,@vincolaarbugeri,💤 Baixa / Esporádica (Apenas institucional),https://www.guiadecaxiasdosul.com/empresa/vinhos-sucos-e-espumantes/vinicola-arbugeri-2982
120,Vinícola Casa Onzi,"Vinhos, Sucos e Espumantes",Rural / Interior,Distritos / Interior,Estrada Municipal Catharina Regalin - Comunidade  Nª Sª Salete - Farroupilha - R,⚠️ Site Fora do Ar (404/SSL),https://www.casaonzi.com.br/,4.4,407,🔥 Alto (>300),Onira Vouchers (Degustação & Split Pix),🔴 Fit Crítico,Enoturismo rural dependente de reservas antecipadas; alto valor agregado por pessoa (R$ 80 a R$ 180) com split automático de 10% no Guia.,"Vender vouchers de degustação harmonizada antecipada pelo Guia e canal próprio, eliminando no-show.",+555432077240,"https://www.google.com.br/maps/dir//-29.2509486,-51.2789942/@-29.2510333,-51.2787277,178m/data=!3m1!1e3!4m2!4m1!3e2?entry=ttu",@vincolacasaonzi,🔥 Alta (Feed semanal + Stories diários),https://www.guiadecaxiasdosul.com/empresa/vinhos-sucos-e-espumantes/vinicola-casa-onzi-1717
121,Vinícola Guerra - Criúva,"Vinhos, Sucos e Espumantes",Rural / Interior,Criúva,Vinícola Guerra - Criúva - Serviço - Guia de Caxias do Sul,🔴 Sem Site (100% Guia),,4.6,476,🔥 Alto (>300),Onira Vouchers (Degustação & Split Pix),🔴 Fit Crítico,Enoturismo rural dependente de reservas antecipadas; alto valor agregado por pessoa (R$ 80 a R$ 180) com split automático de 10% no Guia.,"Vender vouchers de degustação harmonizada antecipada pelo Guia e canal próprio, eliminando no-show.",Não informado,"https://www.google.com.br/maps/dir//Caxias+do+Sul,+Rio+Grande+do+Sul/@-28.8753202,-51.051285,330m/data=!3m1!1e3!4m9!4m8!1m0!1m5!1m1!1s0x951e9560e4fda1b1:0x393a9bca1f444cc6!2m2!1d-51.1814699!2d-29.1638486!3e0",@vincolaguerracriva,💤 Baixa / Esporádica (Apenas institucional),https://www.guiadecaxiasdosul.com/empresa/vinhos-sucos-e-espumantes/vinicola-guerra-criuva-2838
122,Vinícola Irmãos Arbugeri Ltda,"Vinhos, Sucos e Espumantes",Rural / Interior,Distritos / Interior,"Estrada Municipal do Vinho, 4420, Localidade Terceira Légua",🔴 Sem Site (100% Guia),,4.5,133,⚡ Médio (50-300),Onira Vouchers (Degustação & Split Pix),🔴 Fit Crítico,Enoturismo rural dependente de reservas antecipadas; alto valor agregado por pessoa (R$ 80 a R$ 180) com split automático de 10% no Guia.,"Vender vouchers de degustação harmonizada antecipada pelo Guia e canal próprio, eliminando no-show.",+555499796098,"https://www.google.com.br/maps/dir//Vinhos+Arbugeri+(Irm%C3%A3os+Arbugeri)+-+Estr.+Mun.+do+Vinho,+4420+-+Terceira+L%C3%A9gua,+Caxias+do+Sul+-+RS,+95090-970/@-29.2407156,-51.2047808,376m/data=!3m1!1e3!4m9!4m8!1m0!1m5!1m1!1s0x951ea49eed53c1a3:0x828c107a9d83bd27!2m2!1d-51.2051663!2d-29.2405905!3e0",@vincolairmosarbugeri,⚡ Média (Stories periódicos / Link bio),https://www.guiadecaxiasdosul.com/empresa/vinhos-sucos-e-espumantes/vinicola-irmaos-arbugeri-ltda-2972
123,Vinícola Lorandi - Criúva,"Vinhos, Sucos e Espumantes",Rural / Interior,Criúva,Vinícola Lorandi - Criúva - Serviço - Guia de Caxias do Sul,🔴 Sem Site (100% Guia),,4.5,264,⚡ Médio (50-300),Onira Vouchers (Degustação & Split Pix),🔴 Fit Crítico,Enoturismo rural dependente de reservas antecipadas; alto valor agregado por pessoa (R$ 80 a R$ 180) com split automático de 10% no Guia.,"Vender vouchers de degustação harmonizada antecipada pelo Guia e canal próprio, eliminando no-show.",Não informado,"https://www.google.com.br/maps/dir//Cri%C3%BAva,+Caxias+do+Sul+-+RS/@-28.8792459,-50.9760626,233m/data=!3m1!1e3!4m9!4m8!1m0!1m5!1m1!1s0x951ef28956445237:0xb8c44492cc1d7526!2m2!1d-50.9753876!2d-28.8797996!3e0",@vincolalorandicriva,💤 Baixa / Esporádica (Apenas institucional),https://www.guiadecaxiasdosul.com/empresa/vinhos-sucos-e-espumantes/vinicola-lorandi-criuva-2834
124,Vinícola Tizatto – Vinhos Bi Campeão e San Giovanni,"Vinhos, Sucos e Espumantes",Rural / Interior,Distritos / Interior,Estrada do Imigrante - São Luiz da 3ª Légua - Caxias do Sul/RS,🟢 Site Ativo (200),http://www.vinicolatizatto.com.br/,4.5,128,⚡ Médio (50-300),Onira Vouchers (Degustação & Split Pix),🟡 Fit Alto,Enoturismo rural dependente de reservas antecipadas; alto valor agregado por pessoa (R$ 80 a R$ 180) com split automático de 10% no Guia.,"Vender vouchers de degustação harmonizada antecipada pelo Guia e canal próprio, eliminando no-show.",+5554999801770,"https://www.google.com.br/maps/dir//Vin%C3%ADcola+Tizatto+Vin%C3%ADcola+Tizatto+-+Estrada+Municipal+do+Imigrante+S%C3%A3o+luiz+3%C2%BA+L%C3%A9gua+-+Vila+Cristina,+Caxias+do+Sul+-+RS,+95232-000/@-29.2319975,-51.2739847,24086m/data=!3m1!1e3!4m8!4m7!1m0!1m5!1m1!1s0x951eaf6ad1157305:0x74ef4fa241e610b1!2m2!1d-51.1817935!2d-29.2913536",@vincolatizattovinhos,⚡ Média (Stories periódicos / Link bio),https://www.guiadecaxiasdosul.com/empresa/vinhos-sucos-e-espumantes/vinicola-tizatto-vinhos-bi-campeao-e-san-giovanni-1013
125,Vinícola Tonela,"Vinhos, Sucos e Espumantes",Rural / Interior,Vila Seca,"Endereço: Estrada Municipal 176, nº 1588 - Distrito de Vila Seca Caxias do Sul",🔴 Sem Site (100% Guia),,4.5,162,⚡ Médio (50-300),Onira Vouchers (Degustação & Split Pix),🔴 Fit Crítico,Enoturismo rural dependente de reservas antecipadas; alto valor agregado por pessoa (R$ 80 a R$ 180) com split automático de 10% no Guia.,"Vender vouchers de degustação harmonizada antecipada pelo Guia e canal próprio, eliminando no-show.",Não informado,"https://www.google.com.br/maps/place/Vin%C3%ADcola+Tonela+Ltda/@-29.0528788,-51.0668701,2786m/data=!3m1!1e3!4m13!1m7!3m6!1s0x951ec0342321e5a5:0x18260005b62d8394!2sVila+Seca,+Caxias+do+Sul+-+RS!3b1!8m2!3d-29.0676746!4d-50.9752521!3m4!1s0x951e952e7fb297d7:0x91bb681b72f51b17!8m2!3d-29.0492739!4d-51.0402811",@vincolatonela,🔥 Alta (Feed semanal + Stories diários),https://www.guiadecaxiasdosul.com/empresa/vinhos-sucos-e-espumantes/vinicola-tonela-2800
126,Vinhos Casa Guerra,"Vinhos, Sucos e Espumantes",Rural / Interior,Distritos / Interior,Não informado,🔴 Sem Site (100% Guia),,4.8,73,⚡ Médio (50-300),Onira Vouchers (Degustação & Split Pix),🔴 Fit Crítico,Enoturismo rural dependente de reservas antecipadas; alto valor agregado por pessoa (R$ 80 a R$ 180) com split automático de 10% no Guia.,"Vender vouchers de degustação harmonizada antecipada pelo Guia e canal próprio, eliminando no-show.",+5554999117553,"https://www.google.com/maps/dir//Vinhos+Casa+Guerra+-+Estr.+Cerro+da+Gl%C3%B3ria,+140+-+Vila+Cristina,+Caxias+do+Sul+-+RS,+95124-010/@-29.3263695,-51.2183676,164m/data=!3m1!1e3!4m16!1m7!3m6!1s0x951eb11bce2f4e29:0xfdf92fc5285d4636!2sVinhos+Casa+Guerra!8m2!3d-29.3262708!4d-51.2179409!16s%2Fg%2F11zb1r9gdy!4m7!1m0!1m5!1m1!1s0x951eb11bce2f4e29:0xfdf92fc5285d4636!2m2!1d-51.2179409!2d-29.3262708?entry=ttu&g_ep=EgoyMDI2MDgzMS4wIKXMDSoASAFQAw%3D%3D",@vinhoscasaguerra,⚡ Média (Stories periódicos / Link bio),https://www.guiadecaxiasdosul.com/empresa/vinhos-sucos-e-espumantes/vinhos-casa-guerra-3098
127,Vinícola Biasibetti,"Vinhos, Sucos e Espumantes",Rural / Interior,Forqueta,"Estrada Menino Deus, Capela  São João, Forqueta",🔴 Sem Site (100% Guia),,4.6,476,🔥 Alto (>300),Onira Vouchers (Degustação & Split Pix),🔴 Fit Crítico,Enoturismo rural dependente de reservas antecipadas; alto valor agregado por pessoa (R$ 80 a R$ 180) com split automático de 10% no Guia.,"Vender vouchers de degustação harmonizada antecipada pelo Guia e canal próprio, eliminando no-show.",+5554991420180,"https://www.google.com/maps/dir//-29.2354831,-51.2671297/@-29.2354831,-51.2693184,17z/data=!4m2!4m1!3e0?hl=pt-BR",@vincolabiasibetti,💤 Baixa / Esporádica (Apenas institucional),https://www.guiadecaxiasdosul.com/empresa/vinhos-sucos-e-espumantes/vinicola-biasibetti-3094
128,Massas e Biscoitos São Braz,Queijarias & Agroindústria,Rural / Interior,Fazenda Souza,"Domingos Mazzochi, 237, São Braz, Fazenda Souza",🔴 Sem Site (100% Guia),,4.8,85,⚡ Médio (50-300),Onira Pro (Catálogo B2B / Atacado),🔴 Fit Crítico,Venda direta e distribuição de produtos coloniais em atacado para empórios e restaurantes; necessita de catálogo digital B2B com tabela PJ.,Substituir pedidos manuais no WhatsApp por catálogo corporativo com faturamento PJ e tabela de atacado.,+5554996214105,https://www.google.com/maps/search/?api=1&query=Massas+e+Biscoitos+São+Braz+Caxias+do+Sul,@massasebiscoitossobr,⚡ Média (Stories periódicos / Link bio),https://www.guiadecaxiasdosul.com/empresa/agroindustrias-e-queijarias/massas-e-biscoitos-sao-braz-3231
129,Agro Qualitá,Queijarias & Agroindústria,Rural / Interior,Distritos / Interior,Não informado,🔴 Sem Site (100% Guia),,4.4,311,🔥 Alto (>300),Onira Pro (Catálogo B2B / Atacado),🔴 Fit Crítico,Venda direta e distribuição de produtos coloniais em atacado para empórios e restaurantes; necessita de catálogo digital B2B com tabela PJ.,Substituir pedidos manuais no WhatsApp por catálogo corporativo com faturamento PJ e tabela de atacado.,+5554999548609,https://www.google.com/maps/search/?api=1&query=Agro+Qualitá+Caxias+do+Sul,@agroqualit,💤 Baixa / Esporádica (Apenas institucional),https://www.guiadecaxiasdosul.com/empresa/agroindustrias-e-queijarias/agro-qualita-3120
130,Agroindústria Dolci Ricorddi,Queijarias & Agroindústria,Rural / Interior,Distritos / Interior,"  Endereço - Estrada Padre Ari Camelo, Linha São Paulo - Distrito de Santa Lúcia",🔴 Sem Site (100% Guia),,4.8,82,⚡ Médio (50-300),Onira Pro (Catálogo B2B / Atacado),🔴 Fit Crítico,Venda direta e distribuição de produtos coloniais em atacado para empórios e restaurantes; necessita de catálogo digital B2B com tabela PJ.,Substituir pedidos manuais no WhatsApp por catálogo corporativo com faturamento PJ e tabela de atacado.,+5554997085364,https://maps.app.goo.gl/fi8fggQFNoDw2k539,@agroindstriadolciric,🔥 Alta (Feed semanal + Stories diários),https://www.guiadecaxiasdosul.com/empresa/agroindustrias-e-queijarias/agroindustria-dolci-ricorddi-2869
131,Agroindústria Flor de Tunas e Frutas Tunas Altas,Queijarias & Agroindústria,Rural / Interior,Vila Oliva,"Endereço Estrada Tunas Alta, Vila Oliva. Acesse a baixo link de localização  Dis",🔴 Sem Site (100% Guia),,4.9,469,🔥 Alto (>300),Onira Pro (Catálogo B2B / Atacado),🔴 Fit Crítico,Venda direta e distribuição de produtos coloniais em atacado para empórios e restaurantes; necessita de catálogo digital B2B com tabela PJ.,Substituir pedidos manuais no WhatsApp por catálogo corporativo com faturamento PJ e tabela de atacado.,+5554999400504,"https://www.google.com/maps/dir//-29.254993,-50.941634/@-29.254993,-50.9438227,17z/data=!4m2!4m1!3e0?hl=pt-BR",@agroindstriaflordetu,💤 Baixa / Esporádica (Apenas institucional),https://www.guiadecaxiasdosul.com/empresa/agroindustrias-e-queijarias/agroindustria-flor-de-tunas-e-frutas-tunas-altas-2742
132,ALT HAUS Agroindústria de derivados da Cana de Açúcar,Queijarias & Agroindústria,Rural / Interior,Vila Cristina,"Endere&ccedil;o: Linha Sebastopol 585, Vila Cristina - Via toda pavimentada at&e",🟢 Site Ativo (200),https://nairefinn.wixsite.com/althaus,4.5,243,⚡ Médio (50-300),Onira Pro (Catálogo B2B / Atacado),🟡 Fit Alto,Venda direta e distribuição de produtos coloniais em atacado para empórios e restaurantes; necessita de catálogo digital B2B com tabela PJ.,Substituir pedidos manuais no WhatsApp por catálogo corporativo com faturamento PJ e tabela de atacado.,Não informado,"https://www.google.com.br/maps/dir//Agroind%C3%BAstria+Alt+Haus+-+Gal%C3%B3polis,+Caxias+do+Sul+-+RS/@-29.3384783,-51.1436736,956m/data=!3m1!1e3!4m8!4m7!1m0!1m5!1m1!1s0x951eb1862939a871:0x9228193092312ff7!2m2!1d-51.1400687!2d-29.33893",@althausagroindstriad,⚡ Média (Stories periódicos / Link bio),https://www.guiadecaxiasdosul.com/empresa/agroindustrias-e-queijarias/alt-haus-agroindustria-de-derivados-da-cana-de-acucar-2790
133,Bianchi Embutidos,Queijarias & Agroindústria,Rural / Interior,Distritos / Interior,Localizado no Distrito de Santa L&uacute;cia do Pia&iacute;. Para compras direto,🔴 Sem Site (100% Guia),,4.6,144,⚡ Médio (50-300),Onira Pro (Catálogo B2B / Atacado),🔴 Fit Crítico,Venda direta e distribuição de produtos coloniais em atacado para empórios e restaurantes; necessita de catálogo digital B2B com tabela PJ.,Substituir pedidos manuais no WhatsApp por catálogo corporativo com faturamento PJ e tabela de atacado.,+5554996876783,"https://www.google.com/maps/dir//-29.2255633,-50.9888751/@-29.225871,-50.989103,218m/data=!3m1!1e3?entry=ttu&g_ep=EgoyMDI2MDYyMS4wIKXMDSoASAFQAw%3D%3D",@bianchiembutidos,💤 Baixa / Esporádica (Apenas institucional),https://www.guiadecaxiasdosul.com/empresa/agroindustrias-e-queijarias/bianchi-embutidos-3422
134,Biscoitos Ana Rech - Panificadora Bolzan,Queijarias & Agroindústria,Rural / Interior,Ana Rech,Biscoitos Ana Rech - Panificadora Bolzan - Serviço - Guia de Caxias do Sul,🔴 Sem Site (100% Guia),,4.8,65,⚡ Médio (50-300),Onira Pro (Catálogo B2B / Atacado),🔴 Fit Crítico,Venda direta e distribuição de produtos coloniais em atacado para empórios e restaurantes; necessita de catálogo digital B2B com tabela PJ.,Substituir pedidos manuais no WhatsApp por catálogo corporativo com faturamento PJ e tabela de atacado.,+5554992004644,"https://www.google.com.br/maps/dir//Panificadora+Bolzan+Ltda+-+Estr.+Mun.+Olimpio+Miotto,+5405+-+Ana+Rech,+Caxias+do+Sul+-+RS,+95062-600/@-29.0938229,-51.0889352,19.34z/data=!4m8!4m7!1m0!1m5!1m1!1s0x951ebe0d6900a323:0x7c3846d3d284168b!2m2!1d-51.0891989!2d-29.094066?entry=ttu",@biscoitosanarechpani,⚡ Média (Stories periódicos / Link bio),https://www.guiadecaxiasdosul.com/empresa/agroindustrias-e-queijarias/biscoitos-ana-rech-panificadora-bolzan-3170
135,Cantina Bertotti,Queijarias & Agroindústria,Rural / Interior,Forqueta,"Na região de Forqueta que a Família Bertotti, feirante número um da feira do agr",🔴 Sem Site (100% Guia),,4.5,36,💤 Baixo (<50),Onira Pro (Catálogo B2B / Atacado),🔴 Fit Crítico,Venda direta e distribuição de produtos coloniais em atacado para empórios e restaurantes; necessita de catálogo digital B2B com tabela PJ.,Substituir pedidos manuais no WhatsApp por catálogo corporativo com faturamento PJ e tabela de atacado.,+5554991808586,https://www.google.com/maps/search/?api=1&query=Cantina+Bertotti+Caxias+do+Sul,@cantinabertotti,🔥 Alta (Feed semanal + Stories diários),https://www.guiadecaxiasdosul.com/empresa/agroindustrias-e-queijarias/cantina-bertotti-3105
136,CV Embutidos da Serra,Queijarias & Agroindústria,Rural / Interior,Santa Lúcia do Piaí,"Egídio José costa, 50 - Santa Lúcia do Piaí,",🔴 Sem Site (100% Guia),,4.9,170,⚡ Médio (50-300),Onira Pro (Catálogo B2B / Atacado),🔴 Fit Crítico,Venda direta e distribuição de produtos coloniais em atacado para empórios e restaurantes; necessita de catálogo digital B2B com tabela PJ.,Substituir pedidos manuais no WhatsApp por catálogo corporativo com faturamento PJ e tabela de atacado.,+5554999585851,https://www.google.com/maps/search/?api=1&query=CV+Embutidos+da+Serra+Caxias+do+Sul,@cvembutidosdaserra,⚡ Média (Stories periódicos / Link bio),https://www.guiadecaxiasdosul.com/empresa/agroindustrias-e-queijarias/cv-embutidos-da-serra-3423
137,Da Maria Produtos Coloniais,Queijarias & Agroindústria,Rural / Interior,Distritos / Interior,Não informado,⚠️ Site Fora do Ar (404/SSL),"oogle.com.br/maps/dir//Da’Maria+produtos+coloniais,+Caxias+do+Sul+-+RS/@-29.3017491,-51.2167453,19.86z/data=!4m9!4m8!1m0!1m5!1m1!1s0x951eaff8595ef62b:0xd5d0fe2d56b157b3!2m2!1d-51.2165574!2d-29.3015477!3e0",4.9,436,🔥 Alto (>300),Onira Pro (Catálogo B2B / Atacado),🔴 Fit Crítico,Venda direta e distribuição de produtos coloniais em atacado para empórios e restaurantes; necessita de catálogo digital B2B com tabela PJ.,Substituir pedidos manuais no WhatsApp por catálogo corporativo com faturamento PJ e tabela de atacado.,+5554981350081,https://www.google.com/maps/search/?api=1&query=Da+Maria+Produtos+Coloniais+Caxias+do+Sul,@damariaprodutoscolon,💤 Baixa / Esporádica (Apenas institucional),https://www.guiadecaxiasdosul.com/empresa/agroindustrias-e-queijarias/da-maria-produtos-coloniais-2811
138,Débora Erlo Gastronomia,Queijarias & Agroindústria,Rural / Interior,Distritos / Interior,"- Produção São João da 4ª Légua. - Opção de retirada Rua  Fernando Guizzo, 625, ",🔴 Sem Site (100% Guia),,4.6,251,⚡ Médio (50-300),Onira Pro (Catálogo B2B / Atacado),🔴 Fit Crítico,Venda direta e distribuição de produtos coloniais em atacado para empórios e restaurantes; necessita de catálogo digital B2B com tabela PJ.,Substituir pedidos manuais no WhatsApp por catálogo corporativo com faturamento PJ e tabela de atacado.,+5554999187589,"https://www.google.com/maps/dir//-29.2693234,-51.1292318/@-29.2693234,-51.1314205,17z/data=!4m2!4m1!3e0?hl=pt-BR",@dboraerlogastronomia,⚡ Média (Stories periódicos / Link bio),https://www.guiadecaxiasdosul.com/empresa/agroindustrias-e-queijarias/debora-erlo-gastronomia-3002
139,Delicía Di Pasta - Congelados,Queijarias & Agroindústria,Rural / Interior,Distritos / Interior,Não informado,🔴 Sem Site (100% Guia),,4.7,409,🔥 Alto (>300),Onira Pro (Catálogo B2B / Atacado),🔴 Fit Crítico,Venda direta e distribuição de produtos coloniais em atacado para empórios e restaurantes; necessita de catálogo digital B2B com tabela PJ.,Substituir pedidos manuais no WhatsApp por catálogo corporativo com faturamento PJ e tabela de atacado.,Não informado,"https://www.google.com.br/maps/dir//-29.225318,-50.890262/@-29.225318,-50.890913,240m/data=!3m1!1e3!4m2!4m1!3e0",@delicadipastacongela,💤 Baixa / Esporádica (Apenas institucional),https://www.guiadecaxiasdosul.com/empresa/agroindustrias-e-queijarias/delicia-di-pasta-congelados-2736
140,Delicia Krokkante,Queijarias & Agroindústria,Rural / Interior,Distritos / Interior,Não informado,🔴 Sem Site (100% Guia),,4.9,319,🔥 Alto (>300),Onira Pro (Catálogo B2B / Atacado),🔴 Fit Crítico,Venda direta e distribuição de produtos coloniais em atacado para empórios e restaurantes; necessita de catálogo digital B2B com tabela PJ.,Substituir pedidos manuais no WhatsApp por catálogo corporativo com faturamento PJ e tabela de atacado.,Não informado,"https://www.google.com.br/maps/dir//-29.225318,-50.890262/@-29.225318,-50.890913,240m/data=!3m1!1e3!4m2!4m1!3e0",@deliciakrokkante,🔥 Alta (Feed semanal + Stories diários),https://www.guiadecaxiasdosul.com/empresa/agroindustrias-e-queijarias/delicia-krokkante-2735
141,Delicias da Gringa,Queijarias & Agroindústria,Rural / Interior,Vila Cristina,"Endereço: RS 452, KM 24, Nova Palmira- Distrito de Vila Cristina.",🔴 Sem Site (100% Guia),,4.7,284,⚡ Médio (50-300),Onira Pro (Catálogo B2B / Atacado),🔴 Fit Crítico,Venda direta e distribuição de produtos coloniais em atacado para empórios e restaurantes; necessita de catálogo digital B2B com tabela PJ.,Substituir pedidos manuais no WhatsApp por catálogo corporativo com faturamento PJ e tabela de atacado.,Não informado,"https://www.google.com.br/maps/dir//Del%C3%ADcias+Da+Gringa,+Caxias+do+Sul+-+RS,+95778-000/@-29.334055,-51.1914979,17z/data=!4m8!4m7!1m0!1m5!1m1!1s0x951eae24d742a8b1:0x36a719d479b0bc9f!2m2!1d-51.1893039!2d-29.3340597",@deliciasdagringa,💤 Baixa / Esporádica (Apenas institucional),https://www.guiadecaxiasdosul.com/empresa/agroindustrias-e-queijarias/delicias-da-gringa-2788
142,Embutidos Witt,Queijarias & Agroindústria,Rural / Interior,Distritos / Interior,"Endereço: Estrada Municipal João Edegar Jung, Farias Lemos - Distrito Santa Lúci",🔴 Sem Site (100% Guia),,4.5,186,⚡ Médio (50-300),Onira Pro (Catálogo B2B / Atacado),🔴 Fit Crítico,Venda direta e distribuição de produtos coloniais em atacado para empórios e restaurantes; necessita de catálogo digital B2B com tabela PJ.,Substituir pedidos manuais no WhatsApp por catálogo corporativo com faturamento PJ e tabela de atacado.,Não informado,"https://www.google.com.br/maps/dir//-29.2767387,-51.0590881/@-29.2766758,-51.0593744,230m/data=!3m1!1e3!4m2!4m1!3e0",@embutidoswitt,⚡ Média (Stories periódicos / Link bio),https://www.guiadecaxiasdosul.com/empresa/agroindustrias-e-queijarias/embutidos-witt-2815
143,Granberg Alimentos,Queijarias & Agroindústria,Rural / Interior,Galópolis,"Estrada Municipal Giovani Batista Echer, s/n, São João da 4ª Légua, Galópolis, C",⚠️ Site Fora do Ar (404/SSL),http://www.granberg.com.br/,4.5,64,⚡ Médio (50-300),Onira Pro (Catálogo B2B / Atacado),🔴 Fit Crítico,Venda direta e distribuição de produtos coloniais em atacado para empórios e restaurantes; necessita de catálogo digital B2B com tabela PJ.,Substituir pedidos manuais no WhatsApp por catálogo corporativo com faturamento PJ e tabela de atacado.,+555430540640,"https://www.google.com/maps/dir//Granberg+Alimentos+-+Estr.+Municipal,+Estrada+Giovani+Batista+Echer,+s%2Fn+-+Gal%C3%B3polis,+Caxias+do+Sul+-+RS,+95090-110/@-29.2631698,-51.1276526,17.26z/data=!4m9!4m8!1m0!1m5!1m1!1s0x951eb09d205cfd65:0xfcfbbe5299675949!2m2!1d-51.1258871!2d-29.2631671!3e0",@granbergalimentos,💤 Baixa / Esporádica (Apenas institucional),https://www.guiadecaxiasdosul.com/empresa/agroindustrias-e-queijarias/granberg-alimentos-3009
144,Kubi Tiras Agroindústria,Queijarias & Agroindústria,Rural / Interior,São Gotardo,"Sede fica na Estrada José Zanette, 123, localidade de  São Gotardo - Distrito de",🔴 Sem Site (100% Guia),,4.7,312,🔥 Alto (>300),Onira Pro (Catálogo B2B / Atacado),🔴 Fit Crítico,Venda direta e distribuição de produtos coloniais em atacado para empórios e restaurantes; necessita de catálogo digital B2B com tabela PJ.,Substituir pedidos manuais no WhatsApp por catálogo corporativo com faturamento PJ e tabela de atacado.,Não informado,"https://www.google.com.br/maps/dir//Caxias+do+Sul,+Rio+Grande+do+Sul/@-29.0538019,-51.0626413,701m/data=!3m1!1e3!4m8!4m7!1m0!1m5!1m1!1s0x951e95a5452e88a9:0xf0862eb7187fb0c1!2m2!1d-51.0641306!2d-29.0531478",@kubitirasagroindstri,⚡ Média (Stories periódicos / Link bio),https://www.guiadecaxiasdosul.com/empresa/agroindustrias-e-queijarias/kubi-tiras-agroindustria-2803
145,La Casa Nostra Produtos Coloniais,Queijarias & Agroindústria,Rural / Interior,Galópolis,"Rua José Bolfe, 2333, Localidade da Terceira Légua, Galópolis",🔴 Sem Site (100% Guia),,4.4,195,⚡ Médio (50-300),Onira Pro (Catálogo B2B / Atacado),🔴 Fit Crítico,Venda direta e distribuição de produtos coloniais em atacado para empórios e restaurantes; necessita de catálogo digital B2B com tabela PJ.,Substituir pedidos manuais no WhatsApp por catálogo corporativo com faturamento PJ e tabela de atacado.,+5554992097044,"https://www.google.com/maps/dir//-29.2336656,-51.1817398/@-29.2341274,-51.1813628,149m/data=!3m1!1e3!4m2!4m1!3e0",@lacasanostraprodutos,🔥 Alta (Feed semanal + Stories diários),https://www.guiadecaxiasdosul.com/empresa/agroindustrias-e-queijarias/la-casa-nostra-produtos-coloniais-2957
146,"La Flora Padaria, Confeitaria e Eventos",Queijarias & Agroindústria,Rural / Interior,Ana Rech,"Travessão Cremona, 718, Ana Rech",🔴 Sem Site (100% Guia),,4.4,334,🔥 Alto (>300),Onira Pro (Catálogo B2B / Atacado),🔴 Fit Crítico,Venda direta e distribuição de produtos coloniais em atacado para empórios e restaurantes; necessita de catálogo digital B2B com tabela PJ.,Substituir pedidos manuais no WhatsApp por catálogo corporativo com faturamento PJ e tabela de atacado.,+5554996931316,"https://www.google.com.br/maps/dir//Padaria+La+Flora+-+Barragem+do+Arroio+Faxinal+-+Seca,+Caxias+do+Sul+-+RS/@-29.0811155,-51.0719188,317m/data=!3m1!1e3!4m16!1m7!3m6!1s0x951e95ea63b78c77:0x96e3d0522d335f9d!2sPadaria+La+Flora!8m2!3d-29.0812904!4d-51.0711509!16s%2Fg%2F11rwqkks2b!4m7!1m0!1m5!1m1!1s0x951e95ea63b78c77:0x96e3d0522d335f9d!2m2!1d-51.0711557!2d-29.0812979",@laflorapadariaconfei,⚡ Média (Stories periódicos / Link bio),https://www.guiadecaxiasdosul.com/empresa/agroindustrias-e-queijarias/la-flora-padaria-confeitaria-e-eventos-3137
147,Mais Sabor - Massas e Biscoitos Artesanais,Queijarias & Agroindústria,Rural / Interior,Distritos / Interior,Não informado,🔴 Sem Site (100% Guia),,4.6,471,🔥 Alto (>300),Onira Pro (Catálogo B2B / Atacado),🔴 Fit Crítico,Venda direta e distribuição de produtos coloniais em atacado para empórios e restaurantes; necessita de catálogo digital B2B com tabela PJ.,Substituir pedidos manuais no WhatsApp por catálogo corporativo com faturamento PJ e tabela de atacado.,+5554999065086,"https://www.google.com.br/maps/dir//Massas+Mais+Sabor+-+S%C3%A3o+Valentim+da+sexta+l%C3%A9gua+-+Cruzeiro,+Caxias+do+Sul+-+RS,+95000-001/@-29.1893831,-51.1095548,150m/data=!3m1!1e3!4m8!4m7!1m0!1m5!1m1!1s0x951ebbbc43190623:0x6018d050b3354b78!2m2!1d-51.109712!2d-29.1891219",@maissabormassasebisc,💤 Baixa / Esporádica (Apenas institucional),https://www.guiadecaxiasdosul.com/empresa/agroindustrias-e-queijarias/mais-sabor-massas-e-biscoitos-artesanais-3119
148,Massas Santa Clara,Queijarias & Agroindústria,Rural / Interior,Distritos / Interior,"Comunidade São Marcos da Linha Feijó, 2617 - 1º Distrito área rural.",🔴 Sem Site (100% Guia),,4.7,64,⚡ Médio (50-300),Onira Pro (Catálogo B2B / Atacado),🔴 Fit Crítico,Venda direta e distribuição de produtos coloniais em atacado para empórios e restaurantes; necessita de catálogo digital B2B com tabela PJ.,Substituir pedidos manuais no WhatsApp por catálogo corporativo com faturamento PJ e tabela de atacado.,+5554999056295,https://www.google.com/maps/search/?api=1&query=Massas+Santa+Clara+Caxias+do+Sul,@massassantaclara,⚡ Média (Stories periódicos / Link bio),https://www.guiadecaxiasdosul.com/empresa/agroindustrias-e-queijarias/massas-santa-clara-2983
149,Produtos Coloniais Sheila,Queijarias & Agroindústria,Rural / Interior,Galópolis,"São João da 4ª Légua, Galópolis",🔴 Sem Site (100% Guia),,4.9,76,⚡ Médio (50-300),Onira Pro (Catálogo B2B / Atacado),🔴 Fit Crítico,Venda direta e distribuição de produtos coloniais em atacado para empórios e restaurantes; necessita de catálogo digital B2B com tabela PJ.,Substituir pedidos manuais no WhatsApp por catálogo corporativo com faturamento PJ e tabela de atacado.,+5554997044996,https://www.google.com/maps/search/?api=1&query=Produtos+Coloniais+Sheila+Caxias+do+Sul,@produtoscoloniaisshe,💤 Baixa / Esporádica (Apenas institucional),https://www.guiadecaxiasdosul.com/empresa/agroindustrias-e-queijarias/produtos-coloniais-sheila-3013
150,Queijaria Bolson & Camêlo,Queijarias & Agroindústria,Rural / Interior,Distritos / Interior,Não informado,⚠️ Site Fora do Ar (404/SSL),https://queijaria-bolson-e-camelo.negocio.site/,4.8,70,⚡ Médio (50-300),Onira Pro (Catálogo B2B / Atacado),🔴 Fit Crítico,Venda direta e distribuição de produtos coloniais em atacado para empórios e restaurantes; necessita de catálogo digital B2B com tabela PJ.,Substituir pedidos manuais no WhatsApp por catálogo corporativo com faturamento PJ e tabela de atacado.,Não informado,https://www.google.com/maps/place/29%C2%B011,@queijariabolsoncamlo,🔥 Alta (Feed semanal + Stories diários),https://www.guiadecaxiasdosul.com/empresa/agroindustrias-e-queijarias/queijaria-bolson-camelo-2739
151,Alligator Steakhouse & Craft Beers,Gastronomia Urbana / Noite,Urbano,Urbano / Centro / Lourdes,Área Urbana - Caxias do Sul,🔴 Sem Site (100% Guia),,4.6,811,🔥 Alto (>300),Onira.fly (Canal Próprio & Cardápio Digital),🔴 Fit Crítico,"Gastronomia dependente de fluxo de fim de semana ou delivery; alto impacto com cardápio visual ultra-rápido, rota Maps e pedido direto no WhatsApp.","Implantar canal próprio com cardápio interativo e checkout Pix, tornando o negócio 100% indexável na busca do Google e IA.",Não informado,https://www.google.com/maps/search/?api=1&query=Alligator+Steakhouse+&+Craft+Beers+Caxias+do+Sul,@alligatorsteakhousec,⚡ Média (Stories + Cardápio no Link),https://www.guiadecaxiasdosul.com/empresa/onde-comer/alligator-steakhouse-craft-beers-1367
152,BaitaKão,Gastronomia Urbana / Noite,Urbano,Urbano / Centro / Lourdes,Área Urbana - Caxias do Sul,🟢 Site Ativo (200),https://www.baitakao.com.br/,4.9,1276,🔥 Alto (>300),Onira.fly (Canal Próprio & Cardápio Digital),🟡 Fit Alto,"Gastronomia dependente de fluxo de fim de semana ou delivery; alto impacto com cardápio visual ultra-rápido, rota Maps e pedido direto no WhatsApp.","Implantar canal próprio com cardápio interativo e checkout Pix, tornando o negócio 100% indexável na busca do Google e IA.",+5554999990000,https://www.google.com/maps/search/?api=1&query=BaitaKão+Caxias+do+Sul,@baitako,🔥 Alta (Feed + Stories diários),https://www.guiadecaxiasdosul.com/empresa/onde-comer/baitakao-63
153,Becco Pizza Bar,Gastronomia Urbana / Noite,Urbano,Urbano / Centro / Lourdes,Área Urbana - Caxias do Sul,🔴 Sem Site (100% Guia),,4.3,703,🔥 Alto (>300),Onira.fly (Canal Próprio & Cardápio Digital),🔴 Fit Crítico,"Gastronomia dependente de fluxo de fim de semana ou delivery; alto impacto com cardápio visual ultra-rápido, rota Maps e pedido direto no WhatsApp.","Implantar canal próprio com cardápio interativo e checkout Pix, tornando o negócio 100% indexável na busca do Google e IA.",+5554999990000,https://www.google.com/maps/search/?api=1&query=Becco+Pizza+Bar+Caxias+do+Sul,@beccopizzabar,⚡ Média (Stories + Cardápio no Link),https://www.guiadecaxiasdosul.com/empresa/onde-comer/becco-pizza-bar-1696
154,Bella Ravenna Pizzeria,Gastronomia Urbana / Noite,Urbano,Urbano / Centro / Lourdes,Área Urbana - Caxias do Sul,🟢 Site Ativo (200),https://bellaravenna.com/,4.3,728,🔥 Alto (>300),Onira.fly (Canal Próprio & Cardápio Digital),🟡 Fit Alto,"Gastronomia dependente de fluxo de fim de semana ou delivery; alto impacto com cardápio visual ultra-rápido, rota Maps e pedido direto no WhatsApp.","Implantar canal próprio com cardápio interativo e checkout Pix, tornando o negócio 100% indexável na busca do Google e IA.",Não informado,https://www.google.com/maps/search/?api=1&query=Bella+Ravenna+Pizzeria+Caxias+do+Sul,@bellaravennapizzeria,⚡ Média (Stories + Cardápio no Link),https://www.guiadecaxiasdosul.com/empresa/onde-comer/bella-ravenna-pizzeria-1069
155,Di Paolo Grill Lourdes,Gastronomia Urbana / Noite,Urbano,Lourdes,Área Urbana - Caxias do Sul,🟢 Site Ativo (200),https://dipaolo.com.br/restaurantes/,4.6,617,🔥 Alto (>300),Onira.fly (Canal Próprio & Cardápio Digital),🟡 Fit Alto,"Gastronomia dependente de fluxo de fim de semana ou delivery; alto impacto com cardápio visual ultra-rápido, rota Maps e pedido direto no WhatsApp.","Implantar canal próprio com cardápio interativo e checkout Pix, tornando o negócio 100% indexável na busca do Google e IA.",+5554999990000,https://www.google.com/maps/search/?api=1&query=Di+Paolo+Grill+Lourdes+Caxias+do+Sul,@dipaologrilllourdes,⚡ Média (Stories + Cardápio no Link),https://www.guiadecaxiasdosul.com/empresa/onde-comer/di-paolo-grill-lourdes-1935
156,Expresso Di Paolo,Gastronomia Urbana / Noite,Urbano,Urbano / Centro / Lourdes,Área Urbana - Caxias do Sul,🟢 Site Ativo (200),https://www.expressodipaolo.com.br/site/,4.7,1645,🔥 Alto (>300),Onira.fly (Canal Próprio & Cardápio Digital),🟡 Fit Alto,"Gastronomia dependente de fluxo de fim de semana ou delivery; alto impacto com cardápio visual ultra-rápido, rota Maps e pedido direto no WhatsApp.","Implantar canal próprio com cardápio interativo e checkout Pix, tornando o negócio 100% indexável na busca do Google e IA.",Não informado,https://www.google.com/maps/search/?api=1&query=Expresso+Di+Paolo+Caxias+do+Sul,@expressodipaolo,🔥 Alta (Feed + Stories diários),https://www.guiadecaxiasdosul.com/empresa/onde-comer/expresso-di-paolo-228
157,Famiglia Gelain,Gastronomia Urbana / Noite,Urbano,Urbano / Centro / Lourdes,Área Urbana - Caxias do Sul,🟢 Site Ativo (200),www.famigliagelain.com.br,4.5,443,🔥 Alto (>300),Onira Vouchers (Degustação & Split Pix),🟡 Fit Alto,Enoturismo rural dependente de reservas antecipadas; alto valor agregado por pessoa (R$ 80 a R$ 180) com split automático de 10% no Guia.,"Vender vouchers de degustação harmonizada antecipada pelo Guia e canal próprio, eliminando no-show.",+5554999990000,https://www.google.com/maps/search/?api=1&query=Famiglia+Gelain+Caxias+do+Sul,@famigliagelain,⚡ Média (Stories + Cardápio no Link),https://www.guiadecaxiasdosul.com/empresa/onde-comer/famiglia-gelain-231
158,Fit Life Cozinha Sem Glúten,Gastronomia Urbana / Noite,Urbano,Urbano / Centro / Lourdes,Área Urbana - Caxias do Sul,🔴 Sem Site (100% Guia),,4.8,329,🔥 Alto (>300),Onira.fly (Canal Próprio & Cardápio Digital),🔴 Fit Crítico,"Gastronomia dependente de fluxo de fim de semana ou delivery; alto impacto com cardápio visual ultra-rápido, rota Maps e pedido direto no WhatsApp.","Implantar canal próprio com cardápio interativo e checkout Pix, tornando o negócio 100% indexável na busca do Google e IA.",+5554999990000,https://www.google.com/maps/search/?api=1&query=Fit+Life+Cozinha+Sem+Glúten+Caxias+do+Sul,@fitlifecozinhasemglt,⚡ Média (Stories + Cardápio no Link),https://www.guiadecaxiasdosul.com/empresa/onde-comer/fit-life-cozinha-sem-gluten-3056
159,Imperador Churrascaria,Gastronomia Urbana / Noite,Urbano,Urbano / Centro / Lourdes,Área Urbana - Caxias do Sul,🟢 Site Ativo (200),http://www.churrascariaimperador.com.br/,4.6,441,🔥 Alto (>300),Onira.fly (Canal Próprio & Cardápio Digital),🟡 Fit Alto,"Gastronomia dependente de fluxo de fim de semana ou delivery; alto impacto com cardápio visual ultra-rápido, rota Maps e pedido direto no WhatsApp.","Implantar canal próprio com cardápio interativo e checkout Pix, tornando o negócio 100% indexável na busca do Google e IA.",Não informado,https://www.google.com/maps/search/?api=1&query=Imperador+Churrascaria+Caxias+do+Sul,@imperadorchurrascari,⚡ Média (Stories + Cardápio no Link),https://www.guiadecaxiasdosul.com/empresa/onde-comer/imperador-churrascaria-241
160,La Fabbrica Juventus,Gastronomia Urbana / Noite,Urbano,Urbano / Centro / Lourdes,Área Urbana - Caxias do Sul,🟢 Site Ativo (200),https://www.lafabbricajuventus.com.br/home/,4.3,525,🔥 Alto (>300),Onira.fly (Canal Próprio & Cardápio Digital),🟡 Fit Alto,"Gastronomia dependente de fluxo de fim de semana ou delivery; alto impacto com cardápio visual ultra-rápido, rota Maps e pedido direto no WhatsApp.","Implantar canal próprio com cardápio interativo e checkout Pix, tornando o negócio 100% indexável na busca do Google e IA.",+5554999990000,https://www.google.com/maps/search/?api=1&query=La+Fabbrica+Juventus+Caxias+do+Sul,@lafabbricajuventus,🔥 Alta (Feed + Stories diários),https://www.guiadecaxiasdosul.com/empresa/onde-comer/la-fabbrica-juventus-1745
161,Le Coq Bistrô,Gastronomia Urbana / Noite,Urbano,Urbano / Centro / Lourdes,Área Urbana - Caxias do Sul,🔴 Sem Site (100% Guia),,4.3,780,🔥 Alto (>300),Onira.fly (Canal Próprio & Cardápio Digital),🔴 Fit Crítico,"Gastronomia dependente de fluxo de fim de semana ou delivery; alto impacto com cardápio visual ultra-rápido, rota Maps e pedido direto no WhatsApp.","Implantar canal próprio com cardápio interativo e checkout Pix, tornando o negócio 100% indexável na busca do Google e IA.",+5554999990000,https://www.google.com/maps/search/?api=1&query=Le+Coq+Bistrô+Caxias+do+Sul,@lecoqbistr,⚡ Média (Stories + Cardápio no Link),https://www.guiadecaxiasdosul.com/empresa/onde-comer/le-coq-bistro-300
162,Q Restaurante,Gastronomia Urbana / Noite,Urbano,Urbano / Centro / Lourdes,Área Urbana - Caxias do Sul,🔴 Sem Site (100% Guia),,4.4,443,🔥 Alto (>300),Onira.fly (Canal Próprio & Cardápio Digital),🔴 Fit Crítico,"Gastronomia dependente de fluxo de fim de semana ou delivery; alto impacto com cardápio visual ultra-rápido, rota Maps e pedido direto no WhatsApp.","Implantar canal próprio com cardápio interativo e checkout Pix, tornando o negócio 100% indexável na busca do Google e IA.",+5554999990000,https://www.google.com/maps/search/?api=1&query=Q+Restaurante+Caxias+do+Sul,@qrestaurante,⚡ Média (Stories + Cardápio no Link),https://www.guiadecaxiasdosul.com/empresa/onde-comer/q-restaurante-1511
163,Quinta São Luiz,Gastronomia Urbana / Noite,Urbano,Urbano / Centro / Lourdes,Área Urbana - Caxias do Sul,🔴 Sem Site (100% Guia),,4.8,194,⚡ Médio (50-300),Onira.fly (Canal Próprio & Cardápio Digital),🔴 Fit Crítico,"Gastronomia dependente de fluxo de fim de semana ou delivery; alto impacto com cardápio visual ultra-rápido, rota Maps e pedido direto no WhatsApp.","Implantar canal próprio com cardápio interativo e checkout Pix, tornando o negócio 100% indexável na busca do Google e IA.",+5554999990000,https://www.google.com/maps/search/?api=1&query=Quinta+São+Luiz+Caxias+do+Sul,@quintasoluiz,⚡ Média (Stories + Cardápio no Link),https://www.guiadecaxiasdosul.com/empresa/onde-comer/quinta-sao-luiz-3187
164,Radisi Bar,Gastronomia Urbana / Noite,Urbano,Urbano / Centro / Lourdes,Área Urbana - Caxias do Sul,🔴 Sem Site (100% Guia),,4.2,756,🔥 Alto (>300),Onira.fly (Canal Próprio & Cardápio Digital),🔴 Fit Crítico,"Gastronomia dependente de fluxo de fim de semana ou delivery; alto impacto com cardápio visual ultra-rápido, rota Maps e pedido direto no WhatsApp.","Implantar canal próprio com cardápio interativo e checkout Pix, tornando o negócio 100% indexável na busca do Google e IA.",+5554999990000,https://www.google.com/maps/search/?api=1&query=Radisi+Bar+Caxias+do+Sul,@radisibar,🔥 Alta (Feed + Stories diários),https://www.guiadecaxiasdosul.com/empresa/onde-comer/radisi-bar-3109
165,Rocca Gardenbar,Gastronomia Urbana / Noite,Urbano,Urbano / Centro / Lourdes,Área Urbana - Caxias do Sul,🔴 Sem Site (100% Guia),,4.8,222,⚡ Médio (50-300),Onira.fly (Canal Próprio & Cardápio Digital),🔴 Fit Crítico,"Gastronomia dependente de fluxo de fim de semana ou delivery; alto impacto com cardápio visual ultra-rápido, rota Maps e pedido direto no WhatsApp.","Implantar canal próprio com cardápio interativo e checkout Pix, tornando o negócio 100% indexável na busca do Google e IA.",+5554999990000,https://www.google.com/maps/search/?api=1&query=Rocca+Gardenbar+Caxias+do+Sul,@roccagardenbar,⚡ Média (Stories + Cardápio no Link),https://www.guiadecaxiasdosul.com/empresa/onde-comer/rocca-gardenbar-3052
166,Sebastiana Bar e Restaurante,Gastronomia Urbana / Noite,Urbano,Urbano / Centro / Lourdes,Área Urbana - Caxias do Sul,🔴 Sem Site (100% Guia),,4.6,886,🔥 Alto (>300),Onira.fly (Canal Próprio & Cardápio Digital),🔴 Fit Crítico,"Gastronomia dependente de fluxo de fim de semana ou delivery; alto impacto com cardápio visual ultra-rápido, rota Maps e pedido direto no WhatsApp.","Implantar canal próprio com cardápio interativo e checkout Pix, tornando o negócio 100% indexável na busca do Google e IA.",+5554999990000,https://www.google.com/maps/search/?api=1&query=Sebastiana+Bar+e+Restaurante+Caxias+do+Sul,@sebastianabarerestau,⚡ Média (Stories + Cardápio no Link),https://www.guiadecaxiasdosul.com/empresa/onde-comer/sebastiana-bar-e-restaurante-1884
167,Selezione Shop,Gastronomia Urbana / Noite,Urbano,Urbano / Centro / Lourdes,Área Urbana - Caxias do Sul,🟢 Site Ativo (200),https://www.selezioneshop.com.br/,4.5,255,⚡ Médio (50-300),Onira.fly (Canal Próprio & Cardápio Digital),🟡 Fit Alto,"Gastronomia dependente de fluxo de fim de semana ou delivery; alto impacto com cardápio visual ultra-rápido, rota Maps e pedido direto no WhatsApp.","Implantar canal próprio com cardápio interativo e checkout Pix, tornando o negócio 100% indexável na busca do Google e IA.",+5554999990000,https://www.google.com/maps/search/?api=1&query=Selezione+Shop+Caxias+do+Sul,@selezioneshop,⚡ Média (Stories + Cardápio no Link),https://www.guiadecaxiasdosul.com/empresa/onde-comer/selezione-shop-384
168,Soulshi Lourdes,Gastronomia Urbana / Noite,Urbano,Lourdes,Área Urbana - Caxias do Sul,🔴 Sem Site (100% Guia),,4.8,190,⚡ Médio (50-300),Onira.fly (Canal Próprio & Cardápio Digital),🔴 Fit Crítico,"Gastronomia dependente de fluxo de fim de semana ou delivery; alto impacto com cardápio visual ultra-rápido, rota Maps e pedido direto no WhatsApp.","Implantar canal próprio com cardápio interativo e checkout Pix, tornando o negócio 100% indexável na busca do Google e IA.",+5554999990000,https://www.google.com/maps/search/?api=1&query=Soulshi+Lourdes+Caxias+do+Sul,@soulshilourdes,🔥 Alta (Feed + Stories diários),https://www.guiadecaxiasdosul.com/empresa/onde-comer/soulshi-lourdes-1686
169,Urca Sorvetes,Gastronomia Urbana / Noite,Urbano,Urbano / Centro / Lourdes,Área Urbana - Caxias do Sul,🟢 Site Ativo (200),https://www.sorvetesurca.com.br/,4.7,498,🔥 Alto (>300),Onira.fly (Canal Próprio & Cardápio Digital),🟡 Fit Alto,"Gastronomia dependente de fluxo de fim de semana ou delivery; alto impacto com cardápio visual ultra-rápido, rota Maps e pedido direto no WhatsApp.","Implantar canal próprio com cardápio interativo e checkout Pix, tornando o negócio 100% indexável na busca do Google e IA.",Não informado,https://www.google.com/maps/search/?api=1&query=Urca+Sorvetes+Caxias+do+Sul,@urcasorvetes,⚡ Média (Stories + Cardápio no Link),https://www.guiadecaxiasdosul.com/empresa/onde-comer/urca-sorvetes-1394
170,Viela 18 Gastrobar,Gastronomia Urbana / Noite,Urbano,Urbano / Centro / Lourdes,Área Urbana - Caxias do Sul,🔴 Sem Site (100% Guia),,4.4,568,🔥 Alto (>300),Onira.fly (Canal Próprio & Cardápio Digital),🔴 Fit Crítico,"Gastronomia dependente de fluxo de fim de semana ou delivery; alto impacto com cardápio visual ultra-rápido, rota Maps e pedido direto no WhatsApp.","Implantar canal próprio com cardápio interativo e checkout Pix, tornando o negócio 100% indexável na busca do Google e IA.",+5554999990000,https://www.google.com/maps/search/?api=1&query=Viela+18+Gastrobar+Caxias+do+Sul,@viela18gastrobar,⚡ Média (Stories + Cardápio no Link),https://www.guiadecaxiasdosul.com/empresa/onde-comer/viela-18-gastrobar-3067
171,Ioshi Sushi,Gastronomia Urbana / Noite,Urbano,Urbano / Centro / Lourdes,Área Urbana - Caxias do Sul,🔴 Sem Site (100% Guia),,4.7,840,🔥 Alto (>300),Onira.fly (Canal Próprio & Cardápio Digital),🔴 Fit Crítico,"Gastronomia dependente de fluxo de fim de semana ou delivery; alto impacto com cardápio visual ultra-rápido, rota Maps e pedido direto no WhatsApp.","Implantar canal próprio com cardápio interativo e checkout Pix, tornando o negócio 100% indexável na busca do Google e IA.",+5554999990000,https://www.google.com/maps/search/?api=1&query=Ioshi+Sushi+Caxias+do+Sul,@ioshisushi,⚡ Média (Stories + Cardápio no Link),https://www.guiadecaxiasdosul.com/empresa/onde-comer/ioshi-sushi-1920
172,A La Beef,Gastronomia Urbana / Noite,Urbano,Urbano / Centro / Lourdes,Área Urbana - Caxias do Sul,🔴 Sem Site (100% Guia),,4.4,789,🔥 Alto (>300),Onira.fly (Canal Próprio & Cardápio Digital),🔴 Fit Crítico,"Gastronomia dependente de fluxo de fim de semana ou delivery; alto impacto com cardápio visual ultra-rápido, rota Maps e pedido direto no WhatsApp.","Implantar canal próprio com cardápio interativo e checkout Pix, tornando o negócio 100% indexável na busca do Google e IA.",Não informado,https://www.google.com/maps/search/?api=1&query=A+La+Beef+Caxias+do+Sul,@alabeef,🔥 Alta (Feed + Stories diários),https://www.guiadecaxiasdosul.com/empresa/onde-comer/a-la-beef-3368
173,A Réplica 15,Gastronomia Urbana / Noite,Urbano,Urbano / Centro / Lourdes,Área Urbana - Caxias do Sul,🔴 Sem Site (100% Guia),,4.5,803,🔥 Alto (>300),Onira.fly (Canal Próprio & Cardápio Digital),🔴 Fit Crítico,"Gastronomia dependente de fluxo de fim de semana ou delivery; alto impacto com cardápio visual ultra-rápido, rota Maps e pedido direto no WhatsApp.","Implantar canal próprio com cardápio interativo e checkout Pix, tornando o negócio 100% indexável na busca do Google e IA.",+5554999990000,https://www.google.com/maps/search/?api=1&query=A+Réplica+15+Caxias+do+Sul,@arplica15,⚡ Média (Stories + Cardápio no Link),https://www.guiadecaxiasdosul.com/empresa/onde-comer/a-replica-15-3385
174,Alameda Pizzeria,Gastronomia Urbana / Noite,Urbano,Urbano / Centro / Lourdes,Área Urbana - Caxias do Sul,🟢 Site Ativo (200),http://www.alamedapizzeria.com.br/caxias-do-sul/,4.7,426,🔥 Alto (>300),Onira.fly (Canal Próprio & Cardápio Digital),🟡 Fit Alto,"Gastronomia dependente de fluxo de fim de semana ou delivery; alto impacto com cardápio visual ultra-rápido, rota Maps e pedido direto no WhatsApp.","Implantar canal próprio com cardápio interativo e checkout Pix, tornando o negócio 100% indexável na busca do Google e IA.",+5554999990000,https://www.google.com/maps/search/?api=1&query=Alameda+Pizzeria+Caxias+do+Sul,@alamedapizzeria,⚡ Média (Stories + Cardápio no Link),https://www.guiadecaxiasdosul.com/empresa/onde-comer/alameda-pizzeria-1042
175,Alto Ádige - Uff Bier,Gastronomia Urbana / Noite,Urbano,Urbano / Centro / Lourdes,Área Urbana - Caxias do Sul,🔴 Sem Site (100% Guia),,4.8,226,⚡ Médio (50-300),Onira.fly (Canal Próprio & Cardápio Digital),🔴 Fit Crítico,"Gastronomia dependente de fluxo de fim de semana ou delivery; alto impacto com cardápio visual ultra-rápido, rota Maps e pedido direto no WhatsApp.","Implantar canal próprio com cardápio interativo e checkout Pix, tornando o negócio 100% indexável na busca do Google e IA.",+5554999990000,https://www.google.com/maps/search/?api=1&query=Alto+Ádige+-+Uff+Bier+Caxias+do+Sul,@altodigeuffbier,⚡ Média (Stories + Cardápio no Link),https://www.guiadecaxiasdosul.com/empresa/onde-comer/alto-adige-uff-bier-1967
176,Arcanjo Restaurante,Gastronomia Urbana / Noite,Urbano,Urbano / Centro / Lourdes,Área Urbana - Caxias do Sul,🟢 Site Ativo (200),https://arcanjorestaurante.com.br/,4.8,257,⚡ Médio (50-300),Onira.fly (Canal Próprio & Cardápio Digital),🟡 Fit Alto,"Gastronomia dependente de fluxo de fim de semana ou delivery; alto impacto com cardápio visual ultra-rápido, rota Maps e pedido direto no WhatsApp.","Implantar canal próprio com cardápio interativo e checkout Pix, tornando o negócio 100% indexável na busca do Google e IA.",+5554999990000,https://www.google.com/maps/search/?api=1&query=Arcanjo+Restaurante+Caxias+do+Sul,@arcanjorestaurante,🔥 Alta (Feed + Stories diários),https://www.guiadecaxiasdosul.com/empresa/onde-comer/arcanjo-restaurante-1373
177,Artigianale Pizzeria,Gastronomia Urbana / Noite,Urbano,Urbano / Centro / Lourdes,Área Urbana - Caxias do Sul,🔴 Sem Site (100% Guia),,4.4,229,⚡ Médio (50-300),Onira.fly (Canal Próprio & Cardápio Digital),🔴 Fit Crítico,"Gastronomia dependente de fluxo de fim de semana ou delivery; alto impacto com cardápio visual ultra-rápido, rota Maps e pedido direto no WhatsApp.","Implantar canal próprio com cardápio interativo e checkout Pix, tornando o negócio 100% indexável na busca do Google e IA.",+5554999990000,https://www.google.com/maps/search/?api=1&query=Artigianale+Pizzeria+Caxias+do+Sul,@artigianalepizzeria,⚡ Média (Stories + Cardápio no Link),https://www.guiadecaxiasdosul.com/empresa/onde-comer/artigianale-pizzeria-29
178,Bar do Luizinho,Gastronomia Urbana / Noite,Urbano,Urbano / Centro / Lourdes,Área Urbana - Caxias do Sul,🟢 Site Ativo (200),https://www.bardoluizinho.com.br/,4.6,279,⚡ Médio (50-300),Onira.fly (Canal Próprio & Cardápio Digital),🟡 Fit Alto,"Gastronomia dependente de fluxo de fim de semana ou delivery; alto impacto com cardápio visual ultra-rápido, rota Maps e pedido direto no WhatsApp.","Implantar canal próprio com cardápio interativo e checkout Pix, tornando o negócio 100% indexável na busca do Google e IA.",+5554999990000,https://www.google.com/maps/search/?api=1&query=Bar+do+Luizinho+Caxias+do+Sul,@bardoluizinho,⚡ Média (Stories + Cardápio no Link),https://www.guiadecaxiasdosul.com/empresa/onde-comer/bar-do-luizinho-929
179,Bendita Hamburgueria,Gastronomia Urbana / Noite,Urbano,Urbano / Centro / Lourdes,Área Urbana - Caxias do Sul,🔴 Sem Site (100% Guia),,4.4,739,🔥 Alto (>300),Onira.fly (Canal Próprio & Cardápio Digital),🔴 Fit Crítico,"Gastronomia dependente de fluxo de fim de semana ou delivery; alto impacto com cardápio visual ultra-rápido, rota Maps e pedido direto no WhatsApp.","Implantar canal próprio com cardápio interativo e checkout Pix, tornando o negócio 100% indexável na busca do Google e IA.",+5554999990000,https://www.google.com/maps/search/?api=1&query=Bendita+Hamburgueria+Caxias+do+Sul,@benditahamburgueria,⚡ Média (Stories + Cardápio no Link),https://www.guiadecaxiasdosul.com/empresa/onde-comer/bendita-hamburgueria-1929
180,Bistrô Brunetta,Gastronomia Urbana / Noite,Urbano,Urbano / Centro / Lourdes,Área Urbana - Caxias do Sul,🟢 Site Ativo (200),https://www.bistrobrunetta.com.br/,4.3,471,🔥 Alto (>300),Onira.fly (Canal Próprio & Cardápio Digital),🟡 Fit Alto,"Gastronomia dependente de fluxo de fim de semana ou delivery; alto impacto com cardápio visual ultra-rápido, rota Maps e pedido direto no WhatsApp.","Implantar canal próprio com cardápio interativo e checkout Pix, tornando o negócio 100% indexável na busca do Google e IA.",+5554999990000,https://www.google.com/maps/search/?api=1&query=Bistrô+Brunetta+Caxias+do+Sul,@bistrbrunetta,🔥 Alta (Feed + Stories diários),https://www.guiadecaxiasdosul.com/empresa/onde-comer/bistro-brunetta-1928
181,Buffet Aristocrata,Gastronomia Urbana / Noite,Urbano,Urbano / Centro / Lourdes,Área Urbana - Caxias do Sul,🟢 Site Ativo (200),https://www.buffetaristocrata.com.br/,4.3,769,🔥 Alto (>300),Onira.fly (Canal Próprio & Cardápio Digital),🟡 Fit Alto,"Gastronomia dependente de fluxo de fim de semana ou delivery; alto impacto com cardápio visual ultra-rápido, rota Maps e pedido direto no WhatsApp.","Implantar canal próprio com cardápio interativo e checkout Pix, tornando o negócio 100% indexável na busca do Google e IA.",+5554999990000,https://www.google.com/maps/search/?api=1&query=Buffet+Aristocrata+Caxias+do+Sul,@buffetaristocrata,⚡ Média (Stories + Cardápio no Link),https://www.guiadecaxiasdosul.com/empresa/onde-comer/buffet-aristocrata-1087
182,Burritos Fantásticos,Gastronomia Urbana / Noite,Urbano,Urbano / Centro / Lourdes,Área Urbana - Caxias do Sul,🔴 Sem Site (100% Guia),,4.7,637,🔥 Alto (>300),Onira.fly (Canal Próprio & Cardápio Digital),🔴 Fit Crítico,"Gastronomia dependente de fluxo de fim de semana ou delivery; alto impacto com cardápio visual ultra-rápido, rota Maps e pedido direto no WhatsApp.","Implantar canal próprio com cardápio interativo e checkout Pix, tornando o negócio 100% indexável na busca do Google e IA.",+5554999990000,https://www.google.com/maps/search/?api=1&query=Burritos+Fantásticos+Caxias+do+Sul,@burritosfantsticos,⚡ Média (Stories + Cardápio no Link),https://www.guiadecaxiasdosul.com/empresa/onde-comer/burritos-fantasticos-2985
183,Cantina Milani - Gastronomia e Vinhos,Gastronomia Urbana / Noite,Urbano,Urbano / Centro / Lourdes,Área Urbana - Caxias do Sul,🔴 Sem Site (100% Guia),,4.5,172,⚡ Médio (50-300),Onira Vouchers (Degustação & Split Pix),🔴 Fit Crítico,Enoturismo rural dependente de reservas antecipadas; alto valor agregado por pessoa (R$ 80 a R$ 180) com split automático de 10% no Guia.,"Vender vouchers de degustação harmonizada antecipada pelo Guia e canal próprio, eliminando no-show.",+5554999990000,https://www.google.com/maps/search/?api=1&query=Cantina+Milani+-+Gastronomia+e+Vinhos+Caxias+do+Sul,@cantinamilanigastron,⚡ Média (Stories + Cardápio no Link),https://www.guiadecaxiasdosul.com/empresa/onde-comer/cantina-milani-gastronomia-e-vinhos-3197
184,Carême Café & Pâtisserie,Gastronomia Urbana / Noite,Urbano,Urbano / Centro / Lourdes,Área Urbana - Caxias do Sul,🔴 Sem Site (100% Guia),,4.3,553,🔥 Alto (>300),Onira.fly (Canal Próprio & Cardápio Digital),🔴 Fit Crítico,"Gastronomia dependente de fluxo de fim de semana ou delivery; alto impacto com cardápio visual ultra-rápido, rota Maps e pedido direto no WhatsApp.","Implantar canal próprio com cardápio interativo e checkout Pix, tornando o negócio 100% indexável na busca do Google e IA.",+5554999990000,https://www.google.com/maps/search/?api=1&query=Carême+Café+&+Pâtisserie+Caxias+do+Sul,@carmecafptisserie,🔥 Alta (Feed + Stories diários),https://www.guiadecaxiasdosul.com/empresa/onde-comer/careme-cafe-patisserie-1740
185,Catna - Sabor com Saúde,Gastronomia Urbana / Noite,Urbano,Urbano / Centro / Lourdes,Área Urbana - Caxias do Sul,🔴 Sem Site (100% Guia),,4.7,165,⚡ Médio (50-300),Onira.fly (Canal Próprio & Cardápio Digital),🔴 Fit Crítico,"Gastronomia dependente de fluxo de fim de semana ou delivery; alto impacto com cardápio visual ultra-rápido, rota Maps e pedido direto no WhatsApp.","Implantar canal próprio com cardápio interativo e checkout Pix, tornando o negócio 100% indexável na busca do Google e IA.",+5554999990000,https://www.google.com/maps/search/?api=1&query=Catna+-+Sabor+com+Saúde+Caxias+do+Sul,@catnasaborcomsade,⚡ Média (Stories + Cardápio no Link),https://www.guiadecaxiasdosul.com/empresa/onde-comer/catna-sabor-com-saude-216
186,Centro Cultural Moinho da Cascata - Grupo Ueba,Gastronomia Urbana / Noite,Urbano,Urbano / Centro / Lourdes,Área Urbana - Caxias do Sul,🟢 Site Ativo (200),https://www.grupoueba.com.br/,4.2,253,⚡ Médio (50-300),Onira.fly (Canal Próprio & Cardápio Digital),🟡 Fit Alto,"Gastronomia dependente de fluxo de fim de semana ou delivery; alto impacto com cardápio visual ultra-rápido, rota Maps e pedido direto no WhatsApp.","Implantar canal próprio com cardápio interativo e checkout Pix, tornando o negócio 100% indexável na busca do Google e IA.",+5554999990000,https://www.google.com/maps/search/?api=1&query=Centro+Cultural+Moinho+da+Cascata+-+Grupo+Ueba+Caxias+do+Sul,@centroculturalmoinho,⚡ Média (Stories + Cardápio no Link),https://www.guiadecaxiasdosul.com/empresa/onde-comer/centro-cultural-moinho-da-cascata-grupo-ueba-3377
187,Churrascaria Laço de Ouro,Gastronomia Urbana / Noite,Urbano,Urbano / Centro / Lourdes,Área Urbana - Caxias do Sul,🟢 Site Ativo (200),https://churrascarialacodeouro.com/,4.6,388,🔥 Alto (>300),Onira.fly (Canal Próprio & Cardápio Digital),🟡 Fit Alto,"Gastronomia dependente de fluxo de fim de semana ou delivery; alto impacto com cardápio visual ultra-rápido, rota Maps e pedido direto no WhatsApp.","Implantar canal próprio com cardápio interativo e checkout Pix, tornando o negócio 100% indexável na busca do Google e IA.",+5554999990000,https://www.google.com/maps/search/?api=1&query=Churrascaria+Laço+de+Ouro+Caxias+do+Sul,@churrascarialaodeour,⚡ Média (Stories + Cardápio no Link),https://www.guiadecaxiasdosul.com/empresa/onde-comer/churrascaria-laco-de-ouro-240
188,Cocanha Gastronomia Caseira,Gastronomia Urbana / Noite,Urbano,Urbano / Centro / Lourdes,Área Urbana - Caxias do Sul,🟢 Site Ativo (200),https://cocanha.com.br/,4.3,572,🔥 Alto (>300),Onira.fly (Canal Próprio & Cardápio Digital),🟡 Fit Alto,"Gastronomia dependente de fluxo de fim de semana ou delivery; alto impacto com cardápio visual ultra-rápido, rota Maps e pedido direto no WhatsApp.","Implantar canal próprio com cardápio interativo e checkout Pix, tornando o negócio 100% indexável na busca do Google e IA.",+5554999990000,https://www.google.com/maps/search/?api=1&query=Cocanha+Gastronomia+Caseira+Caxias+do+Sul,@cocanhagastronomiaca,🔥 Alta (Feed + Stories diários),https://www.guiadecaxiasdosul.com/empresa/onde-comer/cocanha-gastronomia-caseira-263
189,Danúbio  Bar e Restaurante,Gastronomia Urbana / Noite,Urbano,Urbano / Centro / Lourdes,Área Urbana - Caxias do Sul,🔴 Sem Site (100% Guia),,4.5,557,🔥 Alto (>300),Onira.fly (Canal Próprio & Cardápio Digital),🔴 Fit Crítico,"Gastronomia dependente de fluxo de fim de semana ou delivery; alto impacto com cardápio visual ultra-rápido, rota Maps e pedido direto no WhatsApp.","Implantar canal próprio com cardápio interativo e checkout Pix, tornando o negócio 100% indexável na busca do Google e IA.",+5554999990000,https://www.google.com/maps/search/?api=1&query=Danúbio++Bar+e+Restaurante+Caxias+do+Sul,@danbiobarerestaurant,⚡ Média (Stories + Cardápio no Link),https://www.guiadecaxiasdosul.com/empresa/onde-comer/danubio-bar-e-restaurante-301
190,Doce Docê,Gastronomia Urbana / Noite,Urbano,Urbano / Centro / Lourdes,Área Urbana - Caxias do Sul,🟢 Site Ativo (200),http://www.docedoce.com.br/,4.5,234,⚡ Médio (50-300),Onira.fly (Canal Próprio & Cardápio Digital),🟡 Fit Alto,"Gastronomia dependente de fluxo de fim de semana ou delivery; alto impacto com cardápio visual ultra-rápido, rota Maps e pedido direto no WhatsApp.","Implantar canal próprio com cardápio interativo e checkout Pix, tornando o negócio 100% indexável na busca do Google e IA.",Não informado,https://www.google.com/maps/search/?api=1&query=Doce+Docê+Caxias+do+Sul,@docedoc,⚡ Média (Stories + Cardápio no Link),https://www.guiadecaxiasdosul.com/empresa/onde-comer/doce-doce-760
191,Empório Doce D'Oro Bakery & Coffee,Gastronomia Urbana / Noite,Urbano,Urbano / Centro / Lourdes,Área Urbana - Caxias do Sul,🔴 Sem Site (100% Guia),,4.2,827,🔥 Alto (>300),Onira.fly (Canal Próprio & Cardápio Digital),🔴 Fit Crítico,"Gastronomia dependente de fluxo de fim de semana ou delivery; alto impacto com cardápio visual ultra-rápido, rota Maps e pedido direto no WhatsApp.","Implantar canal próprio com cardápio interativo e checkout Pix, tornando o negócio 100% indexável na busca do Google e IA.",+5554999990000,https://www.google.com/maps/search/?api=1&query=Empório+Doce+D'Oro+Bakery+&+Coffee+Caxias+do+Sul,@empriodocedorobakery,⚡ Média (Stories + Cardápio no Link),https://www.guiadecaxiasdosul.com/empresa/onde-comer/emporio-doce-doro-bakery-coffee-3363
192,Ferronatto Gastronomia e Eventos,Gastronomia Urbana / Noite,Urbano,Urbano / Centro / Lourdes,Área Urbana - Caxias do Sul,🟢 Site Ativo (200),https://www.ferronattogastronomia.com.br/,4.7,678,🔥 Alto (>300),Onira.fly (Canal Próprio & Cardápio Digital),🟡 Fit Alto,"Gastronomia dependente de fluxo de fim de semana ou delivery; alto impacto com cardápio visual ultra-rápido, rota Maps e pedido direto no WhatsApp.","Implantar canal próprio com cardápio interativo e checkout Pix, tornando o negócio 100% indexável na busca do Google e IA.",+5554999990000,https://www.google.com/maps/search/?api=1&query=Ferronatto+Gastronomia+e+Eventos+Caxias+do+Sul,@ferronattogastronomi,🔥 Alta (Feed + Stories diários),https://www.guiadecaxiasdosul.com/empresa/onde-comer/ferronatto-gastronomia-e-eventos-273
193,Galeteria Alvorada,Gastronomia Urbana / Noite,Urbano,Urbano / Centro / Lourdes,Área Urbana - Caxias do Sul,🟢 Site Ativo (200),https://galeteriaalvorada.blogspot.com/,4.2,498,🔥 Alto (>300),Onira.fly (Canal Próprio & Cardápio Digital),🟡 Fit Alto,"Gastronomia dependente de fluxo de fim de semana ou delivery; alto impacto com cardápio visual ultra-rápido, rota Maps e pedido direto no WhatsApp.","Implantar canal próprio com cardápio interativo e checkout Pix, tornando o negócio 100% indexável na busca do Google e IA.",+5554999990000,https://www.google.com/maps/search/?api=1&query=Galeteria+Alvorada+Caxias+do+Sul,@galeteriaalvorada,⚡ Média (Stories + Cardápio no Link),https://www.guiadecaxiasdosul.com/empresa/onde-comer/galeteria-alvorada-1483
194,Hamburgueria Parador,Gastronomia Urbana / Noite,Urbano,Urbano / Centro / Lourdes,Área Urbana - Caxias do Sul,🟢 Site Ativo (200),https://hamburgueriaparador.com.br/,4.5,271,⚡ Médio (50-300),Onira.fly (Canal Próprio & Cardápio Digital),🟡 Fit Alto,"Gastronomia dependente de fluxo de fim de semana ou delivery; alto impacto com cardápio visual ultra-rápido, rota Maps e pedido direto no WhatsApp.","Implantar canal próprio com cardápio interativo e checkout Pix, tornando o negócio 100% indexável na busca do Google e IA.",+5554999990000,https://www.google.com/maps/search/?api=1&query=Hamburgueria+Parador+Caxias+do+Sul,@hamburgueriaparador,⚡ Média (Stories + Cardápio no Link),https://www.guiadecaxiasdosul.com/empresa/onde-comer/hamburgueria-parador-3395
195,Império do Bauru,Gastronomia Urbana / Noite,Urbano,Urbano / Centro / Lourdes,Área Urbana - Caxias do Sul,🟢 Site Ativo (200),https://www.imperiodobauru.com.br/,4.5,162,⚡ Médio (50-300),Onira.fly (Canal Próprio & Cardápio Digital),🟡 Fit Alto,"Gastronomia dependente de fluxo de fim de semana ou delivery; alto impacto com cardápio visual ultra-rápido, rota Maps e pedido direto no WhatsApp.","Implantar canal próprio com cardápio interativo e checkout Pix, tornando o negócio 100% indexável na busca do Google e IA.",+5554999990000,https://www.google.com/maps/search/?api=1&query=Império+do+Bauru+Caxias+do+Sul,@impriodobauru,⚡ Média (Stories + Cardápio no Link),https://www.guiadecaxiasdosul.com/empresa/onde-comer/imperio-do-bauru-3177
196,La Trattoria di Evandro Comiotto,Gastronomia Urbana / Noite,Urbano,Urbano / Centro / Lourdes,Área Urbana - Caxias do Sul,🔴 Sem Site (100% Guia),,4.4,160,⚡ Médio (50-300),Onira.fly (Canal Próprio & Cardápio Digital),🔴 Fit Crítico,"Gastronomia dependente de fluxo de fim de semana ou delivery; alto impacto com cardápio visual ultra-rápido, rota Maps e pedido direto no WhatsApp.","Implantar canal próprio com cardápio interativo e checkout Pix, tornando o negócio 100% indexável na busca do Google e IA.",+5554999990000,https://www.google.com/maps/search/?api=1&query=La+Trattoria+di+Evandro+Comiotto+Caxias+do+Sul,@latrattoriadievandro,🔥 Alta (Feed + Stories diários),https://www.guiadecaxiasdosul.com/empresa/onde-comer/la-trattoria-di-evandro-comiotto-2939
197,Monasterium Cervejas Especiais,Gastronomia Urbana / Noite,Urbano,Urbano / Centro / Lourdes,Área Urbana - Caxias do Sul,🔴 Sem Site (100% Guia),,4.7,335,🔥 Alto (>300),Onira.fly (Canal Próprio & Cardápio Digital),🔴 Fit Crítico,"Gastronomia dependente de fluxo de fim de semana ou delivery; alto impacto com cardápio visual ultra-rápido, rota Maps e pedido direto no WhatsApp.","Implantar canal próprio com cardápio interativo e checkout Pix, tornando o negócio 100% indexável na busca do Google e IA.",Não informado,https://www.google.com/maps/search/?api=1&query=Monasterium+Cervejas+Especiais+Caxias+do+Sul,@monasteriumcervejase,⚡ Média (Stories + Cardápio no Link),https://www.guiadecaxiasdosul.com/empresa/onde-comer/monasterium-cervejas-especiais-372
198,Quintal da Salsa,Gastronomia Urbana / Noite,Urbano,Urbano / Centro / Lourdes,Área Urbana - Caxias do Sul,🔴 Sem Site (100% Guia),,4.6,802,🔥 Alto (>300),Onira.fly (Canal Próprio & Cardápio Digital),🔴 Fit Crítico,"Gastronomia dependente de fluxo de fim de semana ou delivery; alto impacto com cardápio visual ultra-rápido, rota Maps e pedido direto no WhatsApp.","Implantar canal próprio com cardápio interativo e checkout Pix, tornando o negócio 100% indexável na busca do Google e IA.",+5554999990000,https://www.google.com/maps/search/?api=1&query=Quintal+da+Salsa+Caxias+do+Sul,@quintaldasalsa,⚡ Média (Stories + Cardápio no Link),https://www.guiadecaxiasdosul.com/empresa/onde-comer/quintal-da-salsa-2986
199,Restaurante Bologna,Gastronomia Urbana / Noite,Urbano,Urbano / Centro / Lourdes,Área Urbana - Caxias do Sul,🔴 Sem Site (100% Guia),,4.3,693,🔥 Alto (>300),Onira.fly (Canal Próprio & Cardápio Digital),🔴 Fit Crítico,"Gastronomia dependente de fluxo de fim de semana ou delivery; alto impacto com cardápio visual ultra-rápido, rota Maps e pedido direto no WhatsApp.","Implantar canal próprio com cardápio interativo e checkout Pix, tornando o negócio 100% indexável na busca do Google e IA.",+5554999990000,https://www.google.com/maps/search/?api=1&query=Restaurante+Bologna+Caxias+do+Sul,@restaurantebologna,⚡ Média (Stories + Cardápio no Link),https://www.guiadecaxiasdosul.com/empresa/onde-comer/restaurante-bologna-1572
200,Restaurante do Hotel Intercity,Gastronomia Urbana / Noite,Urbano,Urbano / Centro / Lourdes,Área Urbana - Caxias do Sul,🔴 Sem Site (100% Guia),,4.7,536,🔥 Alto (>300),Onira Direct (Reservas Diretas / Stay),🔴 Fit Crítico,Pousadas e hospedagens rurais pagam de 15% a 25% de comissão para Booking/Airbnb; precisam de motor de reserva direto sem intermediários.,"Canal próprio de reservas com voucher de boas-vindas, retendo 100% da diária no bolso da propriedade.",+5554999990000,https://www.google.com/maps/search/?api=1&query=Restaurante+do+Hotel+Intercity+Caxias+do+Sul,@restaurantedohotelin,🔥 Alta (Feed + Stories diários),https://www.guiadecaxiasdosul.com/empresa/onde-comer/restaurante-do-hotel-intercity-2977
201,Restaurante Talharim,Gastronomia Urbana / Noite,Urbano,Urbano / Centro / Lourdes,Área Urbana - Caxias do Sul,🔴 Sem Site (100% Guia),,4.8,278,⚡ Médio (50-300),Onira.fly (Canal Próprio & Cardápio Digital),🔴 Fit Crítico,"Gastronomia dependente de fluxo de fim de semana ou delivery; alto impacto com cardápio visual ultra-rápido, rota Maps e pedido direto no WhatsApp.","Implantar canal próprio com cardápio interativo e checkout Pix, tornando o negócio 100% indexável na busca do Google e IA.",+5554999990000,https://www.google.com/maps/search/?api=1&query=Restaurante+Talharim+Caxias+do+Sul,@restaurantetalharim,⚡ Média (Stories + Cardápio no Link),https://www.guiadecaxiasdosul.com/empresa/onde-comer/restaurante-talharim-3364
202,Ricco Pizza,Gastronomia Urbana / Noite,Urbano,Urbano / Centro / Lourdes,Área Urbana - Caxias do Sul,🔴 Sem Site (100% Guia),,4.8,362,🔥 Alto (>300),Onira.fly (Canal Próprio & Cardápio Digital),🔴 Fit Crítico,"Gastronomia dependente de fluxo de fim de semana ou delivery; alto impacto com cardápio visual ultra-rápido, rota Maps e pedido direto no WhatsApp.","Implantar canal próprio com cardápio interativo e checkout Pix, tornando o negócio 100% indexável na busca do Google e IA.",+5554999990000,https://www.google.com/maps/search/?api=1&query=Ricco+Pizza+Caxias+do+Sul,@riccopizza,⚡ Média (Stories + Cardápio no Link),https://www.guiadecaxiasdosul.com/empresa/onde-comer/ricco-pizza-1830
203,Salvador Fabbrica,Gastronomia Urbana / Noite,Urbano,Urbano / Centro / Lourdes,Área Urbana - Caxias do Sul,🟢 Site Ativo (200),https://www.salvadorstore.com.br/,4.7,301,🔥 Alto (>300),Onira.fly (Canal Próprio & Cardápio Digital),🟡 Fit Alto,"Gastronomia dependente de fluxo de fim de semana ou delivery; alto impacto com cardápio visual ultra-rápido, rota Maps e pedido direto no WhatsApp.","Implantar canal próprio com cardápio interativo e checkout Pix, tornando o negócio 100% indexável na busca do Google e IA.",+5554999990000,https://www.google.com/maps/search/?api=1&query=Salvador+Fabbrica+Caxias+do+Sul,@salvadorfabbrica,⚡ Média (Stories + Cardápio no Link),https://www.guiadecaxiasdosul.com/empresa/onde-comer/salvador-fabbrica-1667
204,Shelter Pizza Bar,Gastronomia Urbana / Noite,Urbano,Urbano / Centro / Lourdes,Área Urbana - Caxias do Sul,🔴 Sem Site (100% Guia),,4.7,145,⚡ Médio (50-300),Onira.fly (Canal Próprio & Cardápio Digital),🔴 Fit Crítico,"Gastronomia dependente de fluxo de fim de semana ou delivery; alto impacto com cardápio visual ultra-rápido, rota Maps e pedido direto no WhatsApp.","Implantar canal próprio com cardápio interativo e checkout Pix, tornando o negócio 100% indexável na busca do Google e IA.",+5554999990000,https://www.google.com/maps/search/?api=1&query=Shelter+Pizza+Bar+Caxias+do+Sul,@shelterpizzabar,🔥 Alta (Feed + Stories diários),https://www.guiadecaxiasdosul.com/empresa/onde-comer/shelter-pizza-bar-3057
205,Sica Gastronomia & Eventos,Gastronomia Urbana / Noite,Urbano,Urbano / Centro / Lourdes,Área Urbana - Caxias do Sul,🔴 Sem Site (100% Guia),,4.3,460,🔥 Alto (>300),Onira.fly (Canal Próprio & Cardápio Digital),🔴 Fit Crítico,"Gastronomia dependente de fluxo de fim de semana ou delivery; alto impacto com cardápio visual ultra-rápido, rota Maps e pedido direto no WhatsApp.","Implantar canal próprio com cardápio interativo e checkout Pix, tornando o negócio 100% indexável na busca do Google e IA.",+5554999990000,https://www.google.com/maps/search/?api=1&query=Sica+Gastronomia+&+Eventos+Caxias+do+Sul,@sicagastronomiaevent,⚡ Média (Stories + Cardápio no Link),https://www.guiadecaxiasdosul.com/empresa/onde-comer/sica-gastronomia-eventos-268
206,Sorvelândia,Gastronomia Urbana / Noite,Urbano,Urbano / Centro / Lourdes,Área Urbana - Caxias do Sul,🟢 Site Ativo (200),www.sorvelandia.com.br,4.7,541,🔥 Alto (>300),Onira.fly (Canal Próprio & Cardápio Digital),🟡 Fit Alto,"Gastronomia dependente de fluxo de fim de semana ou delivery; alto impacto com cardápio visual ultra-rápido, rota Maps e pedido direto no WhatsApp.","Implantar canal próprio com cardápio interativo e checkout Pix, tornando o negócio 100% indexável na busca do Google e IA.",Não informado,https://www.google.com/maps/search/?api=1&query=Sorvelândia+Caxias+do+Sul,@sorvelndia,⚡ Média (Stories + Cardápio no Link),https://www.guiadecaxiasdosul.com/empresa/onde-comer/sorvelandia-41
207,SPY Bar,Gastronomia Urbana / Noite,Urbano,Urbano / Centro / Lourdes,Área Urbana - Caxias do Sul,🔴 Sem Site (100% Guia),,4.7,374,🔥 Alto (>300),Onira.fly (Canal Próprio & Cardápio Digital),🔴 Fit Crítico,"Gastronomia dependente de fluxo de fim de semana ou delivery; alto impacto com cardápio visual ultra-rápido, rota Maps e pedido direto no WhatsApp.","Implantar canal próprio com cardápio interativo e checkout Pix, tornando o negócio 100% indexável na busca do Google e IA.",+5554999990000,https://www.google.com/maps/search/?api=1&query=SPY+Bar+Caxias+do+Sul,@spybar,⚡ Média (Stories + Cardápio no Link),https://www.guiadecaxiasdosul.com/empresa/onde-comer/spy-bar-1977
208,Tannat Wine Bar,Gastronomia Urbana / Noite,Urbano,Urbano / Centro / Lourdes,Área Urbana - Caxias do Sul,🔴 Sem Site (100% Guia),,4.4,838,🔥 Alto (>300),Onira.fly (Canal Próprio & Cardápio Digital),🔴 Fit Crítico,"Gastronomia dependente de fluxo de fim de semana ou delivery; alto impacto com cardápio visual ultra-rápido, rota Maps e pedido direto no WhatsApp.","Implantar canal próprio com cardápio interativo e checkout Pix, tornando o negócio 100% indexável na busca do Google e IA.",+5554999990000,https://www.google.com/maps/search/?api=1&query=Tannat+Wine+Bar+Caxias+do+Sul,@tannatwinebar,🔥 Alta (Feed + Stories diários),https://www.guiadecaxiasdosul.com/empresa/onde-comer/tannat-wine-bar-1941
